Instance Name,Nominal Voltage,Internal Power,Switch Power,Leakage Power,Total Power
segT1[7]_reg_p_D_OAI211X1P4H7L_Y,1.2,9.215e-04,0.000e+00,6.872e-10,9.215e-04
segT1[4]_reg_p_D_OAI211X1P4H7L_Y,1.2,8.590e-04,0.000e+00,6.872e-10,8.590e-04
segT1[1]_reg_p_D_OAI211X1P4H7L_Y,1.2,8.207e-04,0.000e+00,6.930e-10,8.207e-04
segT1[2]_reg_p_D_OAI211X1P4H7L_Y,1.2,7.380e-04,0.000e+00,6.875e-10,7.380e-04
segT1[6]_reg_p_D_OAI211X1P4H7L_Y,1.2,6.827e-04,0.000e+00,6.691e-10,6.827e-04
segT1[2]_reg_p_D_OAI211X1P4H7L_Y_B0_NAND4BBX2H7L_Y,1.2,5.211e-04,0.000e+00,1.711e-09,5.211e-04
segT1[3]_reg_p_D_AOAI211X1P4H7L_Y,1.2,4.354e-04,0.000e+00,8.846e-10,4.354e-04
segT1[5]_reg_p_D_OAI22X1P4H7L_Y,1.2,4.160e-04,0.000e+00,1.022e-09,4.160e-04
segT1[4]_reg_p_D_OAI211X1P4H7L_Y_B0_NAND4BBX0P7H7L_Y,1.2,3.595e-04,0.000e+00,1.561e-09,3.595e-04
SegT1.in_3__reg_p_D_AO31X0P5H7L_A2_Y_AOI211X1P4H7L_B0_A0_OAI221X4H7L_B1,1.2,3.515e-04,0.000e+00,2.044e-09,3.515e-04
segT1[6]_reg_p_D_OAI211X1P4H7L_Y_B0_NAND4BX0P5H7L_Y,1.2,3.050e-04,0.000e+00,9.048e-10,3.050e-04
segT1[7]_reg_p_D_OAI211X1P4H7L_Y_B0_NAND4BX0P5H7L_Y,1.2,2.654e-04,0.000e+00,9.046e-10,2.654e-04
segT1[1]_reg_p_D_OAI211X1P4H7L_Y_C0_NAND4X0P5H7L_Y,1.2,2.637e-04,0.000e+00,2.655e-10,2.637e-04
segT1[6]_reg_p_D_OAI211X1P4H7L_Y_C0_OR3X1P4H7L_Y,1.2,1.949e-04,0.000e+00,1.752e-09,1.949e-04
segT1[4]_reg_p_D_OAI211X1P4H7L_Y_A1_XNOR2X1P4H7L_Y,1.2,1.917e-04,0.000e+00,3.249e-09,1.917e-04
clrn_NOR3X0P5H7L_A_C_NAND2BX0P5H7L_B_Y_NAND4BBX2H7L_C,1.2,1.813e-04,0.000e+00,1.929e-09,1.813e-04
segT1[6]_reg_p_D_OAI211X1P4H7L_Y_A1_MUX2X2H7L_Y,1.2,1.548e-04,0.000e+00,3.899e-09,1.548e-04
segT1[1]_reg_p_D_OAI211X1P4H7L_Y_B0_NAND3BX0P5H7L_Y,1.2,1.306e-04,0.000e+00,1.021e-09,1.306e-04
segT1[4]_reg_p_D_OAI211X1P4H7L_Y_C0_NAND3X0P5H7L_Y,1.2,1.242e-04,0.000e+00,4.054e-10,1.242e-04
segT1[1]_reg_p_D_OAI211X1P4H7L_Y_A1_OR2X0P7H7L_Y,1.2,1.183e-04,0.000e+00,1.531e-09,1.183e-04
fifo[7]_7__MUX4X3H7L_A_Y_XOR2X3H7L_B_Y_OAI32X4H7L_A1,1.2,1.160e-04,0.000e+00,3.138e-09,1.160e-04
buffer_9__XNOR2X1P4H7L_B_Y_XNOR3X3H7L_B,1.2,1.012e-04,0.000e+00,6.987e-09,1.013e-04
clrn_NOR3X0P5H7L_A_1_C_NOR2BX1H7L_AN_Z_AO211X1P4H7L_C0_Y_OR3X1P4H7L_C,1.2,9.758e-05,0.000e+00,1.809e-09,9.758e-05
SegT1.in_3__reg_p_D_AO31X0P5H7L_A2_Y_AOI211X1P4H7L_B0_A0_OAI221X4H7L_B1_Y_BUFX7H7L_A,1.2,7.869e-05,0.000e+00,4.862e-09,7.869e-05
segT1[2]_reg_p_D_OAI211X1P4H7L_Y_C0_NAND3X0P5H7L_Y,1.2,7.811e-05,0.000e+00,3.815e-10,7.811e-05
clrn_NOR3X0P5H7L_A_Y_NAND3X0P5H7L_C_Y_AOI31X1P4H7L_B0,1.2,7.266e-05,0.000e+00,9.169e-10,7.266e-05
clrn_NOR3X0P5H7L_A_1_Y_NAND3X0P5H7L_C_Y_AOI31X1P4H7L_B0,1.2,7.237e-05,0.000e+00,9.074e-10,7.237e-05
segT1[4]_reg_p_D_OAI211X1P4H7L_Y_A0_NAND2BX0P7H7L_Y,1.2,7.203e-05,0.000e+00,1.234e-09,7.203e-05
SegT1.in_3__reg_p_D_AO31X0P5H7L_A2_Y_AOI211X1P4H7L_B0,1.2,7.034e-05,0.000e+00,1.031e-09,7.034e-05
segT1[5]_reg_p_D_OAI22X1P4H7L_Y_A0_NAND2BX1P4H7L_Y,1.2,6.976e-05,0.000e+00,1.379e-09,6.976e-05
clrn_NOR3X0P5H7L_A_C_NAND2BX0P5H7L_B_Y_NAND4BBX2H7L_C_Y_BUFX3P5H7L_A,1.2,6.715e-05,0.000e+00,2.428e-09,6.716e-05
segT0[4]_reg_p_D_NOR2X3H7L_Y_B_MUX4X3H7L_Y,1.2,6.204e-05,0.000e+00,5.453e-09,6.205e-05
segT1[5]_reg_p_D_OAI22X1P4H7L_Y_B1_NAND2BX1P4H7L_Y,1.2,5.969e-05,0.000e+00,1.356e-09,5.969e-05
fifo[7]_0__MUX4X1P4H7L_A_Y_XOR2X0P5H7L_B_Y_MUX2X1P4H7L_B_Y_AOI211X4H7L_B0,1.2,5.232e-05,0.000e+00,1.992e-09,5.232e-05
clrn_NOR3X0P5H7L_A_1_C_NOR2BX1H7L_AN_Z_AO211X1P4H7L_C0_Y_NOR3X3H7L_C,1.2,4.863e-05,0.000e+00,1.244e-09,4.863e-05
segT1[5]_reg_p_D_OAI22X1P4H7L_Y_A1_NOR2BX1P4H7L_Z,1.2,4.859e-05,0.000e+00,1.432e-09,4.859e-05
SegT1.in_3__reg_p_D_AO31X0P5H7L_A2_Y_AOI211X1P4H7L_B0_A0_OAI221X4H7L_B1_A1_OR4X1P4H7L_Y,1.2,4.759e-05,0.000e+00,1.666e-09,4.759e-05
segT1[5]_reg_p_D_OAI22X1P4H7L_Y_B0_NAND2X1P4H7L_Y,1.2,4.742e-05,0.000e+00,7.195e-10,4.742e-05
segT0[7]_reg_p_D_OAI2BB2X1P4H7L_Y_A0N_AO221X1H7L_Y,1.2,4.352e-05,0.000e+00,1.888e-09,4.352e-05
buffer_9__XNOR2X1P4H7L_B_Y_XNOR3X3H7L_B_Y_XNOR2X3H7L_A,1.2,3.810e-05,0.000e+00,4.209e-09,3.811e-05
clrn_NOR3X0P5H7L_A_1_C_NOR2BX1H7L_AN_Z_AO211X1P4H7L_C0,1.2,3.659e-05,0.000e+00,1.799e-09,3.659e-05
clrn_NOR3X0P5H7L_A_Y_AOI31X0P5H7L_A2,1.2,3.566e-05,0.000e+00,7.370e-10,3.566e-05
segT1[3]_reg_p_D_AOAI211X1P4H7L_Y_A0_NAND2X0P5H7L_Y,1.2,3.240e-05,0.000e+00,5.627e-10,3.240e-05
SegT1.in_3__reg_p_D_AO31X0P5H7L_A2_Y_AOI211X1P4H7L_B0_A0_OAI221X4H7L_B1_B0_NAND3X0P5H7L_Y_C_AND4X6H7L_C,1.2,3.109e-05,0.000e+00,2.005e-09,3.109e-05
SegT1.in_3__reg_p_D_AO31X0P5H7L_A2_Y_AOI211X1P4H7L_B0_A0_NAND3X1P4H7L_Y,1.2,3.035e-05,0.000e+00,4.765e-10,3.035e-05
SegT1.in_3__reg_p_D_AO31X0P5H7L_A2_Y_AOI211X1P4H7L_B0_Y_BUFX3H7L_A,1.2,2.986e-05,0.000e+00,2.178e-09,2.986e-05
segT1[3]_reg_p_D_AOAI211X1P4H7L_Y_C0_NAND2X0P5H7L_Y,1.2,2.942e-05,0.000e+00,5.569e-10,2.942e-05
segT0[6]_reg_p_D_AOA211X1P4H7L_Y_C0_AOI21X0P5H7L_Y_A1_OAO211X0P5H7L_Y,1.2,2.843e-05,0.000e+00,1.563e-09,2.843e-05
SegT1.in_3__reg_p_D_AO31X0P5H7L_A2,1.2,2.811e-05,0.000e+00,1.416e-09,2.811e-05
segT1[3]_reg_p_D_AOAI211X1P4H7L_Y_A1_NAND2X0P5H7L_Y,1.2,2.762e-05,0.000e+00,5.356e-10,2.762e-05
segT1[6]_reg_p_D_OAI211X1P4H7L_Y_A0_NOR3X0P5H7L_Y,1.2,2.572e-05,0.000e+00,5.147e-10,2.572e-05
segT1[2]_reg_p_D_OAI211X1P4H7L_Y_A0_NOR2X1P4H7L_Y,1.2,2.212e-05,0.000e+00,8.153e-10,2.212e-05
segT0[5]_reg_p_D_OAOI211X0P5H7L_Y_B0_OA22X0P5H7L_Y,1.2,2.111e-05,0.000e+00,1.610e-09,2.111e-05
SegT1.in_3__reg_p_D_AO31X0P5H7L_A2_A0_NAND2BX12H7L_B,1.2,2.063e-05,0.000e+00,1.231e-08,2.064e-05
segT0[6]_reg_p_D_AOA211X1P4H7L_Y,1.2,2.057e-05,0.000e+00,1.330e-09,2.057e-05
fifo[3]_1__MUX4X3H7L_A,1.2,2.040e-05,0.000e+00,5.581e-09,2.040e-05
fifo[7]_5__MUX4X3H7L_A,1.2,2.034e-05,0.000e+00,5.581e-09,2.034e-05
fifo[7]_1__MUX4X3H7L_A,1.2,2.027e-05,0.000e+00,5.581e-09,2.028e-05
fifo[7]_7__MUX4X3H7L_A,1.2,1.970e-05,0.000e+00,5.656e-09,1.971e-05
fifo[7]_3__MUX4X3H7L_A,1.2,1.961e-05,0.000e+00,5.655e-09,1.962e-05
fifo[7]_6__MUX4X3H7L_A,1.2,1.939e-05,0.000e+00,5.653e-09,1.940e-05
fifo[3]_3__MUX4X3H7L_A,1.2,1.936e-05,0.000e+00,5.655e-09,1.937e-05
fifo[7]_2__MUX4X3H7L_A,1.2,1.927e-05,0.000e+00,5.656e-09,1.927e-05
fifo[7]_3__MUX4X3H7L_A_Y_XNOR2X0P5H7L_B_Y_OAI2BB1X1P4H7L_A1N,1.2,1.633e-05,0.000e+00,1.276e-09,1.633e-05
clrn_NOR3X0P5H7L_A_1_Y_AOI21BX0P5H7L_B0N_A0_OAI211X1H7L_Y,1.2,1.624e-05,0.000e+00,6.256e-10,1.624e-05
fifo[3]_5__MUX4X1P4H7L_A,1.2,1.506e-05,0.000e+00,4.566e-09,1.506e-05
fifo[7]_4__MUX4X1P4H7L_A,1.2,1.503e-05,0.000e+00,4.566e-09,1.503e-05
fifo[3]_4__MUX4X1H7L_A_Y_NAND3X0P5H7L_C_Y_OA211X1P4H7L_B0,1.2,1.458e-05,0.000e+00,1.058e-09,1.458e-05
fifo[3]_4__MUX4X1H7L_A,1.2,1.453e-05,0.000e+00,4.504e-09,1.453e-05
fifo[3]_0__MUX4X1P4H7L_A,1.2,1.432e-05,0.000e+00,4.634e-09,1.432e-05
fifo[7]_0__MUX4X1P4H7L_A,1.2,1.431e-05,0.000e+00,4.634e-09,1.432e-05
fifo[3]_7__MUX4X1P4H7L_A,1.2,1.430e-05,0.000e+00,4.634e-09,1.431e-05
fifo[3]_6__MUX4X1P4H7L_A,1.2,1.430e-05,0.000e+00,4.632e-09,1.430e-05
fifo[3]_2__MUX4X1P4H7L_A,1.2,1.428e-05,0.000e+00,4.634e-09,1.428e-05
fifo[7]_5__MUX2X0P5H7L_A_Y_AOI22X0P5H7L_A0_Y_NAND3X1P4H7L_C,1.2,1.339e-05,0.000e+00,5.374e-10,1.339e-05
SegT1.in_3__reg_p_D_AO31X0P5H7L_A2_Y_AOI211X1P4H7L_B0_A0_OAI221X4H7L_B1_C0_OAI211X0P7H7L_Y,1.2,1.327e-05,0.000e+00,5.493e-10,1.327e-05
fifo[3]_4__MUX4X1H7L_A_Y_OA31X1H7L_A2_Y_OA31X1P4H7L_B0,1.2,1.268e-05,0.000e+00,1.519e-09,1.269e-05
SegT1.in_3__XOR2X0P5H7L_A_Y_NOR3X0P5H7L_C_B_NAND2X3H7L_Y,1.2,1.261e-05,0.000e+00,1.219e-09,1.261e-05
segT0[7]_reg_p_D_OAI2BB2X1P4H7L_Y,1.2,1.259e-05,0.000e+00,1.323e-09,1.259e-05
fifo[7]_5__MUX2X0P5H7L_A_Y_AOI22X0P5H7L_A0,1.2,1.254e-05,0.000e+00,7.589e-10,1.254e-05
fifo[7]_5__MUX4X3H7L_A_Y_OAI22X4H7L_B0,1.2,1.215e-05,0.000e+00,2.547e-09,1.216e-05
segT0[1]_reg_p_D_AOAI211X1P4H7L_Y,1.2,1.167e-05,0.000e+00,8.763e-10,1.167e-05
clrn_NOR3X0P5H7L_A_1_Y_NAND3X0P5H7L_C,1.2,1.091e-05,0.000e+00,2.989e-10,1.091e-05
clrn_NOR3X0P5H7L_A_Y_NAND3X0P5H7L_C,1.2,1.081e-05,0.000e+00,3.089e-10,1.081e-05
segT1[6]_reg_p_D_OAI211X1P4H7L_Y_A0_NOR3X0P5H7L_Y_C_NAND2X0P5H7L_Y,1.2,1.039e-05,0.000e+00,5.628e-10,1.039e-05
fifo[7]_0__MUX4X1P4H7L_A_Y_XOR2X0P5H7L_B_Y_MUX2X1P4H7L_B,1.2,9.276e-06,0.000e+00,2.256e-09,9.278e-06
segT0[6]_reg_p_D_AOA211X1P4H7L_Y_A1_MUX2X1P4H7L_Y,1.2,8.608e-06,0.000e+00,2.086e-09,8.610e-06
SegT1.in_3__NAND2X0P5H7L_B_Y_AOI21X0P5H7L_B0,1.2,8.609e-06,0.000e+00,7.908e-10,8.610e-06
buffer_2__XNOR2X0P5H7L_A_Y_XNOR2X0P5H7L_B,1.2,8.572e-06,0.000e+00,3.184e-09,8.575e-06
segT0[2]_reg_p_D_OAOI211X0P5H7L_Y,1.2,8.567e-06,0.000e+00,7.135e-10,8.568e-06
fifo[7]_7__MUX4X3H7L_A_Y_XOR2X3H7L_B,1.2,8.412e-06,0.000e+00,4.315e-09,8.416e-06
clrn_NOR3X0P5H7L_A_1_C_NOR2BX1H7L_AN_Z_AO211X1P4H7L_C0_B0_AOI21X0P5H7L_Y,1.2,8.012e-06,0.000e+00,7.908e-10,8.013e-06
clrn_NOR3X0P5H7L_A_Y_AOI31X0P5H7L_A2_B0_AOI21X0P5H7L_Y,1.2,7.571e-06,0.000e+00,7.908e-10,7.572e-06
fifo[3]_0__MUX4X1P4H7L_A_Y_XNOR2X0P5H7L_B_Y_OAOI211X0P7H7L_B0,1.2,7.570e-06,0.000e+00,7.421e-10,7.571e-06
buffer_2__reg_p_D_AOAI211X0P5H7L_Y,1.2,7.300e-06,0.000e+00,6.862e-10,7.301e-06
segT0[2]_reg_p_D_OAOI211X0P5H7L_Y_B0_NOR3X1P4H7L_Y,1.2,7.290e-06,0.000e+00,6.597e-10,7.291e-06
buffer_3__reg_p_D_MUX2X0P5H7L_Y,1.2,7.060e-06,0.000e+00,2.051e-09,7.062e-06
fifo[3]_3__MUX4X3H7L_A_Y_XNOR2X0P5H7L_B_Y_NAND3X1P4H7L_C,1.2,6.928e-06,0.000e+00,5.454e-10,6.928e-06
segT0[1]_reg_p_D_AOAI211X1P4H7L_Y_A1_MUX2X0P5H7L_Y,1.2,6.382e-06,0.000e+00,1.908e-09,6.384e-06
segT0[5]_reg_p_D_OAOI211X0P5H7L_Y,1.2,6.312e-06,0.000e+00,7.184e-10,6.313e-06
fifo[3]_7__MUX4X1P4H7L_A_Y_XNOR2X0P5H7L_B,1.2,6.257e-06,0.000e+00,3.349e-09,6.261e-06
fifo[3]_3__MUX4X3H7L_A_Y_XNOR2X0P5H7L_B,1.2,6.257e-06,0.000e+00,3.347e-09,6.260e-06
fifo[7]_3__MUX4X3H7L_A_Y_XNOR2X0P5H7L_B,1.2,6.254e-06,0.000e+00,3.347e-09,6.257e-06
fifo[3]_0__MUX4X1P4H7L_A_Y_XNOR2X0P5H7L_B,1.2,6.248e-06,0.000e+00,3.347e-09,6.251e-06
buffer_9__XNOR2X1P4H7L_B,1.2,6.244e-06,0.000e+00,3.350e-09,6.247e-06
buffer_0__MUX2X0P5H7L_B,1.2,6.203e-06,0.000e+00,2.053e-09,6.205e-06
fifo[3]_2__MUX4X1P4H7L_A_Y_XOR2X1P4H7L_B,1.2,5.974e-06,0.000e+00,3.419e-09,5.978e-06
buffer_9__XNOR2X1P4H7L_B_Y_XNOR3X3H7L_B_A_XOR2X1P4H7L_Y,1.2,5.960e-06,0.000e+00,3.252e-09,5.963e-06
fifo[3]_4__MUX4X1H7L_A_Y_OA31X1H7L_A2,1.2,5.834e-06,0.000e+00,1.481e-09,5.835e-06
count_3__reg_p_D_AOI21X0P5H7L_Y_A1_AOAI211X0P5H7L_Y,1.2,5.752e-06,0.000e+00,6.335e-10,5.753e-06
segT0[7]_reg_p_D_OAI2BB2X1P4H7L_Y_A0N_AO221X1H7L_Y_C0_NOR4X0P5H7L_Y,1.2,5.627e-06,0.000e+00,3.248e-10,5.627e-06
buffer_0__NOR4BX0P5H7L_D_Y_NAND2X0P5H7L_B,1.2,5.605e-06,0.000e+00,4.793e-10,5.605e-06
fifo[3]_4__MUX4X1H7L_A_Y_OA31X1H7L_A2_Y_OAI31X1H7L_B0,1.2,5.597e-06,0.000e+00,9.655e-10,5.598e-06
buffer_9__XNOR2X1P4H7L_B_Y_XNOR3X3H7L_B_C_XNOR2X0P5H7L_Y,1.2,5.590e-06,0.000e+00,3.112e-09,5.593e-06
buffer_2__XNOR2X0P5H7L_A,1.2,5.587e-06,0.000e+00,3.113e-09,5.590e-06
fifo[7]_2__MUX4X3H7L_A_Y_XOR2X0P5H7L_B,1.2,5.435e-06,0.000e+00,3.264e-09,5.438e-06
fifo[7]_0__MUX4X1P4H7L_A_Y_XOR2X0P5H7L_B,1.2,5.417e-06,0.000e+00,3.263e-09,5.421e-06
SegT1.in_3__NAND2X0P5H7L_B_Y_NOR3X1P4H7L_C_Y_AND4X1P4H7L_D,1.2,5.358e-06,0.000e+00,6.547e-10,5.358e-06
clrn_NOR3X0P5H7L_A_1_C_NOR2BX1H7L_AN_B_NOR3X1P4H7L_C_Y_AND4X1P4H7L_D,1.2,5.284e-06,0.000e+00,6.547e-10,5.285e-06
buffer_7__reg_p_D_MUX2X0P5H7L_Y,1.2,5.272e-06,0.000e+00,2.029e-09,5.274e-06
segT1[6]_reg_p_D_OAI211X1P4H7L_Y_A0_NOR3X0P5H7L_Y_B_AND4X1P4H7L_Y,1.2,5.249e-06,0.000e+00,6.547e-10,5.250e-06
SegT1.in_3__reg_p_D_AO31X0P5H7L_A2_Y_AOI211X1P4H7L_B0_A0_OAI221X4H7L_B1_B0_NAND3X0P5H7L_Y,1.2,5.122e-06,0.000e+00,3.828e-10,5.122e-06
SegT1.in_3__reg_p_D_AO31X0P5H7L_A2_Y_AOI211X1P4H7L_B0_A0_OAI221X4H7L_B1_B0_NAND3X0P5H7L_Y_C_NOR2X3H7L_Y,1.2,5.084e-06,0.000e+00,2.233e-09,5.086e-06
segT0[3]_reg_p_D_AOI2BB1X0P5H7L_Y,1.2,4.937e-06,0.000e+00,1.597e-09,4.939e-06
SegT1.in_3__reg_p_D_AO31X0P5H7L_A2_A1_NAND2X0P5H7L_Y,1.2,4.855e-06,0.000e+00,5.813e-10,4.855e-06
fifo[7]_6__MUX4X3H7L_A_Y_OAI21X0P5H7L_A1,1.2,4.801e-06,0.000e+00,7.105e-10,4.801e-06
buffer_6__reg_p_D_AOAI211X0P5H7L_Y,1.2,4.749e-06,0.000e+00,6.772e-10,4.749e-06
fifo[3]_1__MUX4X3H7L_A_Y_NAND2X0P5H7L_B_Y_OAI21X1H7L_B0,1.2,4.683e-06,0.000e+00,8.317e-10,4.684e-06
buffer_8__reg_p_D_MUX2X0P5H7L_Y,1.2,4.607e-06,0.000e+00,2.049e-09,4.609e-06
count_2__reg_p_D_NOR2X0P5H7L_Y_B_XOR2X0P5H7L_Y,1.2,4.556e-06,0.000e+00,3.134e-09,4.559e-06
segT0[6]_reg_p_D_AOA211X1P4H7L_Y_C0_AOI21X0P5H7L_Y,1.2,4.511e-06,0.000e+00,7.069e-10,4.511e-06
buffer_5__reg_p_D_AOAI211X0P5H7L_Y,1.2,4.498e-06,0.000e+00,6.667e-10,4.499e-06
buffer_4__reg_p_D_MUX2X0P5H7L_Y,1.2,4.427e-06,0.000e+00,2.040e-09,4.429e-06
buffer_1__reg_p_D_MUX2X0P5H7L_Y,1.2,4.345e-06,0.000e+00,2.071e-09,4.347e-06
SegT1.in_3__XOR2X0P5H7L_A,1.2,4.226e-06,0.000e+00,3.099e-09,4.229e-06
count_3__reg_p_D_AOI21X0P5H7L_Y_A0_NAND2X0P5H7L_Y_B_OAI2XB1X0P5H7L_Y,1.2,4.124e-06,0.000e+00,1.543e-09,4.126e-06
buffer_8__reg_p,1.2,3.974e-06,0.000e+00,6.602e-09,3.981e-06
buffer_4__reg_p,1.2,3.974e-06,0.000e+00,6.604e-09,3.981e-06
buffer_1__reg_p,1.2,3.974e-06,0.000e+00,6.604e-09,3.980e-06
buffer_3__reg_p,1.2,3.972e-06,0.000e+00,6.602e-09,3.979e-06
buffer_6__reg_p,1.2,3.969e-06,0.000e+00,6.757e-09,3.975e-06
count_3__reg_p,1.2,3.968e-06,0.000e+00,6.602e-09,3.975e-06
buffer_7__reg_p,1.2,3.968e-06,0.000e+00,6.608e-09,3.975e-06
segT1[7]_reg_p,1.2,3.968e-06,0.000e+00,6.757e-09,3.975e-06
segT1[3]_reg_p,1.2,3.968e-06,0.000e+00,6.757e-09,3.975e-06
segT0[1]_reg_p,1.2,3.968e-06,0.000e+00,6.757e-09,3.975e-06
segT1[4]_reg_p,1.2,3.968e-06,0.000e+00,6.757e-09,3.975e-06
segT1[2]_reg_p,1.2,3.968e-06,0.000e+00,6.757e-09,3.975e-06
segT1[6]_reg_p,1.2,3.968e-06,0.000e+00,6.757e-09,3.975e-06
segT1[1]_reg_p,1.2,3.968e-06,0.000e+00,6.757e-09,3.975e-06
buffer_5__reg_p,1.2,3.968e-06,0.000e+00,6.757e-09,3.974e-06
segT1[5]_reg_p,1.2,3.968e-06,0.000e+00,6.683e-09,3.974e-06
segT0[5]_reg_p,1.2,3.968e-06,0.000e+00,6.586e-09,3.974e-06
segT0[2]_reg_p,1.2,3.968e-06,0.000e+00,6.585e-09,3.974e-06
segT0[4]_reg_p,1.2,3.968e-06,0.000e+00,6.515e-09,3.974e-06
segT0[7]_reg_p,1.2,3.968e-06,0.000e+00,6.501e-09,3.974e-06
segT0[3]_reg_p,1.2,3.968e-06,0.000e+00,6.473e-09,3.974e-06
segT0[6]_reg_p,1.2,3.968e-06,0.000e+00,6.402e-09,3.974e-06
buffer_2__reg_p,1.2,3.965e-06,0.000e+00,6.757e-09,3.972e-06
fifo[5]_4__reg_p,1.2,3.965e-06,0.000e+00,6.316e-09,3.971e-06
fifo[1]_5__reg_p,1.2,3.965e-06,0.000e+00,6.316e-09,3.971e-06
fifo[1]_4__reg_p,1.2,3.965e-06,0.000e+00,6.316e-09,3.971e-06
fifo[1]_6__reg_p,1.2,3.965e-06,0.000e+00,6.236e-09,3.971e-06
fifo[5]_0__reg_p,1.2,3.965e-06,0.000e+00,6.234e-09,3.971e-06
fifo[1]_0__reg_p,1.2,3.965e-06,0.000e+00,6.234e-09,3.971e-06
fifo[1]_7__reg_p,1.2,3.965e-06,0.000e+00,6.233e-09,3.971e-06
fifo[1]_2__reg_p,1.2,3.965e-06,0.000e+00,6.233e-09,3.971e-06
fifo[0]_5__reg_p,1.2,3.965e-06,0.000e+00,6.316e-09,3.971e-06
fifo[4]_4__reg_p,1.2,3.965e-06,0.000e+00,6.316e-09,3.971e-06
fifo[0]_4__reg_p,1.2,3.965e-06,0.000e+00,6.316e-09,3.971e-06
fifo[0]_6__reg_p,1.2,3.965e-06,0.000e+00,6.236e-09,3.971e-06
fifo[4]_0__reg_p,1.2,3.965e-06,0.000e+00,6.234e-09,3.971e-06
fifo[0]_0__reg_p,1.2,3.965e-06,0.000e+00,6.234e-09,3.971e-06
fifo[0]_7__reg_p,1.2,3.965e-06,0.000e+00,6.233e-09,3.971e-06
fifo[0]_2__reg_p,1.2,3.965e-06,0.000e+00,6.233e-09,3.971e-06
fifo[3]_5__reg_p,1.2,3.965e-06,0.000e+00,6.316e-09,3.971e-06
fifo[7]_4__reg_p,1.2,3.965e-06,0.000e+00,6.316e-09,3.971e-06
fifo[3]_4__reg_p,1.2,3.965e-06,0.000e+00,6.316e-09,3.971e-06
fifo[2]_5__reg_p,1.2,3.965e-06,0.000e+00,6.316e-09,3.971e-06
fifo[6]_4__reg_p,1.2,3.965e-06,0.000e+00,6.316e-09,3.971e-06
fifo[2]_4__reg_p,1.2,3.965e-06,0.000e+00,6.316e-09,3.971e-06
fifo[3]_6__reg_p,1.2,3.965e-06,0.000e+00,6.236e-09,3.971e-06
fifo[7]_0__reg_p,1.2,3.965e-06,0.000e+00,6.234e-09,3.971e-06
fifo[3]_0__reg_p,1.2,3.965e-06,0.000e+00,6.234e-09,3.971e-06
fifo[3]_7__reg_p,1.2,3.965e-06,0.000e+00,6.233e-09,3.971e-06
fifo[3]_2__reg_p,1.2,3.965e-06,0.000e+00,6.233e-09,3.971e-06
fifo[5]_1__reg_p,1.2,3.964e-06,0.000e+00,6.316e-09,3.971e-06
fifo[1]_1__reg_p,1.2,3.964e-06,0.000e+00,6.316e-09,3.971e-06
fifo[2]_6__reg_p,1.2,3.965e-06,0.000e+00,6.236e-09,3.971e-06
fifo[6]_0__reg_p,1.2,3.965e-06,0.000e+00,6.234e-09,3.971e-06
fifo[2]_0__reg_p,1.2,3.965e-06,0.000e+00,6.234e-09,3.971e-06
fifo[2]_7__reg_p,1.2,3.965e-06,0.000e+00,6.233e-09,3.971e-06
fifo[2]_2__reg_p,1.2,3.965e-06,0.000e+00,6.233e-09,3.971e-06
fifo[5]_6__reg_p,1.2,3.964e-06,0.000e+00,6.236e-09,3.971e-06
fifo[1]_3__reg_p,1.2,3.964e-06,0.000e+00,6.234e-09,3.971e-06
fifo[5]_3__reg_p,1.2,3.964e-06,0.000e+00,6.234e-09,3.971e-06
fifo[5]_7__reg_p,1.2,3.964e-06,0.000e+00,6.233e-09,3.971e-06
fifo[5]_2__reg_p,1.2,3.964e-06,0.000e+00,6.233e-09,3.971e-06
fifo[0]_1__reg_p,1.2,3.964e-06,0.000e+00,6.316e-09,3.971e-06
fifo[4]_1__reg_p,1.2,3.964e-06,0.000e+00,6.316e-09,3.971e-06
fifo[6]_1__reg_p,1.2,3.964e-06,0.000e+00,6.316e-09,3.971e-06
fifo[2]_1__reg_p,1.2,3.964e-06,0.000e+00,6.316e-09,3.971e-06
fifo[4]_6__reg_p,1.2,3.964e-06,0.000e+00,6.236e-09,3.971e-06
fifo[0]_3__reg_p,1.2,3.964e-06,0.000e+00,6.234e-09,3.971e-06
fifo[4]_3__reg_p,1.2,3.964e-06,0.000e+00,6.234e-09,3.971e-06
fifo[4]_7__reg_p,1.2,3.964e-06,0.000e+00,6.233e-09,3.971e-06
fifo[4]_2__reg_p,1.2,3.964e-06,0.000e+00,6.233e-09,3.971e-06
fifo[6]_6__reg_p,1.2,3.964e-06,0.000e+00,6.236e-09,3.970e-06
fifo[2]_3__reg_p,1.2,3.964e-06,0.000e+00,6.234e-09,3.970e-06
fifo[6]_3__reg_p,1.2,3.964e-06,0.000e+00,6.234e-09,3.970e-06
fifo[6]_7__reg_p,1.2,3.964e-06,0.000e+00,6.233e-09,3.970e-06
fifo[6]_2__reg_p,1.2,3.964e-06,0.000e+00,6.233e-09,3.970e-06
fifo[3]_1__reg_p,1.2,3.964e-06,0.000e+00,6.316e-09,3.970e-06
fifo[7]_1__reg_p,1.2,3.964e-06,0.000e+00,6.316e-09,3.970e-06
fifo[7]_6__reg_p,1.2,3.964e-06,0.000e+00,6.236e-09,3.970e-06
fifo[7]_3__reg_p,1.2,3.964e-06,0.000e+00,6.234e-09,3.970e-06
fifo[3]_3__reg_p,1.2,3.964e-06,0.000e+00,6.234e-09,3.970e-06
fifo[7]_7__reg_p,1.2,3.964e-06,0.000e+00,6.233e-09,3.970e-06
fifo[7]_2__reg_p,1.2,3.964e-06,0.000e+00,6.233e-09,3.970e-06
fifo[4]_5__reg_p,1.2,3.961e-06,0.000e+00,6.316e-09,3.968e-06
buffer_0__reg_p,1.2,3.961e-06,0.000e+00,6.602e-09,3.968e-06
fifo[7]_5__reg_p,1.2,3.961e-06,0.000e+00,6.316e-09,3.968e-06
fifo[5]_5__reg_p,1.2,3.961e-06,0.000e+00,6.316e-09,3.967e-06
fifo[6]_5__reg_p,1.2,3.961e-06,0.000e+00,6.316e-09,3.967e-06
buffer_9__reg_p,1.2,3.960e-06,0.000e+00,6.611e-09,3.967e-06
fifo[3]_5__MUX4X1P4H7L_A_Y_XNOR2X0P5H7L_B,1.2,3.960e-06,0.000e+00,3.177e-09,3.963e-06
segT0[2]_reg_p_D_OAOI211X0P5H7L_Y_C0_OAI31X1H7L_Y,1.2,3.896e-06,0.000e+00,8.962e-10,3.897e-06
count_2__reg_p,1.2,3.864e-06,0.000e+00,6.507e-09,3.871e-06
SegT1.in_3__XOR2X0P5H7L_A_Y_NOR3X0P5H7L_C,1.2,3.835e-06,0.000e+00,4.272e-10,3.836e-06
fifo[3]_4__MUX4X1H7L_A_Y_NAND3X0P5H7L_C,1.2,3.724e-06,0.000e+00,3.929e-10,3.725e-06
segT0[3]_reg_p_D_AOI2BB1X0P5H7L_Y_B0_OAI31X1H7L_Y,1.2,3.682e-06,0.000e+00,8.966e-10,3.683e-06
SegT1.in_3__NAND2X0P5H7L_B_Y_NOR3X1P4H7L_C,1.2,3.622e-06,0.000e+00,6.886e-10,3.622e-06
SegT1.in_3__reg_p,1.2,3.578e-06,0.000e+00,6.513e-09,3.585e-06
count_1__reg_p,1.2,3.576e-06,0.000e+00,6.380e-09,3.582e-06
clrn_NOR3X0P5H7L_A_1_Y_AOI21BX0P5H7L_B0N,1.2,3.549e-06,0.000e+00,1.573e-09,3.551e-06
w_ptr_1__OR3X1P4H7L_B,1.2,3.512e-06,0.000e+00,1.763e-09,3.514e-06
clrn_NOR3X0P5H7L_A_1_C_NOR2BX1H7L_AN_B_NOR3X1P4H7L_C,1.2,3.394e-06,0.000e+00,6.886e-10,3.394e-06
count_3__reg_p_D_AOI21X0P5H7L_Y,1.2,3.371e-06,0.000e+00,7.069e-10,3.372e-06
segT0[1]_reg_p_D_AOAI211X1P4H7L_Y_B0_AOI211X0P5H7L_Y,1.2,3.320e-06,0.000e+00,5.421e-10,3.320e-06
segT0[6]_reg_p_D_AOA211X1P4H7L_Y_B0_AOI21X0P5H7L_Y,1.2,3.268e-06,0.000e+00,7.711e-10,3.269e-06
over_INVX0P5H7L_A_Y_NAND2X0P5H7L_A,1.2,3.242e-06,0.000e+00,5.976e-10,3.242e-06
buffer_3__reg_p_D_MUX2X0P5H7L_Y_S0_NAND3X0P5H7L_Y,1.2,3.236e-06,0.000e+00,3.342e-10,3.237e-06
segT1[6]_reg_p_D_OAI211X1P4H7L_Y_A0_NOR3X0P5H7L_Y_B_AND4X1P4H7L_Y_D_NOR3X1P4H7L_Y,1.2,3.227e-06,0.000e+00,6.886e-10,3.227e-06
buffer_4__NOR2BX1P4H7L_AN,1.2,3.217e-06,0.000e+00,1.473e-09,3.219e-06
buffer_1__NOR2BX1P4H7L_AN,1.2,3.214e-06,0.000e+00,1.473e-09,3.215e-06
buffer_8__NOR2BX1P4H7L_AN,1.2,3.209e-06,0.000e+00,1.473e-09,3.211e-06
buffer_3__NOR2BX1P4H7L_AN,1.2,3.198e-06,0.000e+00,1.473e-09,3.200e-06
buffer_0__NOR4BX0P5H7L_D_B_NAND4BBX2H7L_Y,1.2,3.190e-06,0.000e+00,1.689e-09,3.192e-06
w_ptr_2__OA21X3H7L_B0,1.2,3.156e-06,0.000e+00,2.079e-09,3.158e-06
fifo[7]_5__MUX4X3H7L_A_Y_MUXI2X1P4H7L_B_S0_NAND2X3H7L_Y,1.2,2.950e-06,0.000e+00,1.376e-09,2.951e-06
w_ptr_1__OAI21X3H7L_A1,1.2,2.943e-06,0.000e+00,1.793e-09,2.945e-06
buffer_9__MUX2X0P5H7L_B,1.2,2.761e-06,0.000e+00,2.090e-09,2.763e-06
SegT1.in_3__XOR2X0P5H7L_A_B_NAND4X0P5H7L_Y,1.2,2.731e-06,0.000e+00,1.987e-10,2.731e-06
fifo[7]_4__MUX4X1P4H7L_A_Y_OAI21X0P7H7L_B0,1.2,2.678e-06,0.000e+00,6.814e-10,2.679e-06
SegT1.in_2__reg_p_D_NOR2X0P5H7L_Y_B_XOR2X0P5H7L_Y,1.2,2.639e-06,0.000e+00,3.063e-09,2.642e-06
segT0[6]_reg_p_D_AOA211X1P4H7L_Y_A1_MUX2X1P4H7L_Y_S0_INVX7H7L_A,1.2,2.632e-06,0.000e+00,3.425e-09,2.636e-06
over_INVX0P5H7L_A_Y_NAND2X0P5H7L_A_B_NOR2X0P5H7L_Y,1.2,2.579e-06,0.000e+00,5.797e-10,2.580e-06
SegT1.in_2__reg_p,1.2,2.387e-06,0.000e+00,6.511e-09,2.393e-06
w_ptr_1__reg_p,1.2,2.384e-06,0.000e+00,6.602e-09,2.391e-06
count_0__reg_p,1.2,2.384e-06,0.000e+00,6.417e-09,2.391e-06
SegT0.in_1__reg_p,1.2,2.378e-06,0.000e+00,6.602e-09,2.385e-06
SegT0.in_3__reg_p_D_NOR2X0P5H7L_Y_B_XOR2X0P5H7L_Y,1.2,2.284e-06,0.000e+00,3.089e-09,2.287e-06
fifo[4]_5__MUX2X0P5H7L_A,1.2,2.264e-06,0.000e+00,2.219e-09,2.266e-06
fifo[7]_5__MUX2X0P5H7L_A,1.2,2.263e-06,0.000e+00,2.219e-09,2.265e-06
buffer_2__reg_p_D_AOAI211X0P5H7L_Y_C0_NAND3X0P5H7L_Y,1.2,2.262e-06,0.000e+00,3.868e-10,2.262e-06
segT0[4]_reg_p_D_NOR2X3H7L_Y,1.2,2.258e-06,0.000e+00,1.437e-09,2.260e-06
fifo[7]_1__MUX4X3H7L_A_Y_AOI21X0P5H7L_A1,1.2,2.211e-06,0.000e+00,7.240e-10,2.212e-06
buffer_7__reg_p_D_MUX2X0P5H7L_Y_S0_NAND2BX0P5H7L_Y,1.2,2.124e-06,0.000e+00,1.352e-09,2.125e-06
SegT0.in_3__reg_p,1.2,2.081e-06,0.000e+00,6.513e-09,2.087e-06
segT0[5]_reg_p_D_OAOI211X0P5H7L_Y_A0_NAND2X1P4H7L_Y,1.2,2.053e-06,0.000e+00,7.178e-10,2.053e-06
segD0_AO22X0P7H7L_Y_1_B1_AOAI211X1P4H7L_A0_Y_OA31X4H7L_A1,1.2,1.917e-06,0.000e+00,2.648e-09,1.920e-06
segT0[5]_reg_p_D_OAOI211X0P5H7L_Y_B0_OA22X0P5H7L_Y_B0_AOI2BB1X0P5H7L_Y,1.2,1.872e-06,0.000e+00,1.610e-09,1.873e-06
over_reg_p,1.2,1.822e-06,0.000e+00,6.357e-09,1.828e-06
count_1__reg_p_D_AOI2BB1X0P5H7L_Y,1.2,1.823e-06,0.000e+00,1.777e-09,1.825e-06
w_ptr_2__reg_p,1.2,1.690e-06,0.000e+00,6.513e-09,1.696e-06
SegT0.in_2__reg_p,1.2,1.685e-06,0.000e+00,6.513e-09,1.691e-06
SegT0.in_2__reg_p_D_NOR2X0P5H7L_Y_B_XNOR2X0P5H7L_Y,1.2,1.668e-06,0.000e+00,3.089e-09,1.671e-06
w_ptr_2__reg_p_D_NOR2X0P5H7L_Y_B_XOR2X0P5H7L_Y,1.2,1.659e-06,0.000e+00,3.089e-09,1.662e-06
segD0_OA31X1H7L_Y_B0_OAI211X0P7H7L_Y_B0_AOA211X1P4H7L_A1_Y_AO31X3H7L_A1,1.2,1.612e-06,0.000e+00,2.508e-09,1.614e-06
w_ptr_0__BUFX7H7L_A_Y_BUFX20H7L_A,1.2,1.578e-06,0.000e+00,1.368e-08,1.591e-06
SegT1.in_1__reg_p,1.2,1.582e-06,0.000e+00,6.498e-09,1.589e-06
buffer_2__NOR4X0P5H7L_B,1.2,1.538e-06,0.000e+00,2.922e-10,1.538e-06
buffer_5__reg_p_D_AOAI211X0P5H7L_Y_B0_NOR2X0P5H7L_A,1.2,1.490e-06,0.000e+00,5.227e-10,1.490e-06
buffer_2__INVX0P5H7L_A_Y_NOR2X0P5H7L_A,1.2,1.489e-06,0.000e+00,5.227e-10,1.490e-06
buffer_6__reg_p_D_AOAI211X0P5H7L_Y_B0_NOR2X0P5H7L_A,1.2,1.487e-06,0.000e+00,5.227e-10,1.487e-06
SegT1.in_1__reg_p_D_NOR2X0P5H7L_Y_B_XOR2X0P5H7L_Y,1.2,1.470e-06,0.000e+00,3.158e-09,1.474e-06
buffer_0__MUX2X0P5H7L_B_S0_NAND2X0P5H7L_Y,1.2,1.463e-06,0.000e+00,5.598e-10,1.464e-06
buffer_6__reg_p_D_AOAI211X0P5H7L_Y_C0_NAND3X0P5H7L_Y,1.2,1.391e-06,0.000e+00,3.602e-10,1.392e-06
fifo[7]_6__MUX4X3H7L_A_Y_NAND2X1H7L_B,1.2,1.366e-06,0.000e+00,7.322e-10,1.367e-06
fifo[7]_6__MUX4X3H7L_A_Y_NAND2X1H7L_B_A_NOR2X0P5H7L_A,1.2,1.307e-06,0.000e+00,4.997e-10,1.307e-06
over_NOR3X0P5H7L_B_C_NAND2X0P5H7L_Y_A_AND4X0P5H7L_Y,1.2,1.283e-06,0.000e+00,5.897e-10,1.284e-06
buffer_5__reg_p_D_AOAI211X0P5H7L_Y_C0_NAND3X0P5H7L_Y,1.2,1.275e-06,0.000e+00,3.195e-10,1.276e-06
w_ptr_1__BUFX16H7L_A,1.2,1.223e-06,0.000e+00,1.028e-08,1.234e-06
w_ptr_1__NOR3X3H7L_B,1.2,1.226e-06,0.000e+00,1.088e-09,1.227e-06
SegT0.in_2__reg_p_D_NOR2X0P5H7L_Y_B_XNOR2X0P5H7L_Y_B_OR2X0P5H7L_B,1.2,1.216e-06,0.000e+00,1.488e-09,1.218e-06
count_3__reg_p_D_AOI21X0P5H7L_Y_A0_NAND2X0P5H7L_Y,1.2,1.156e-06,0.000e+00,5.804e-10,1.156e-06
segT0[2]_reg_p_D_OAOI211X0P5H7L_Y_C0_OAI31X1H7L_Y_B0_AOI211X0P5H7L_Y,1.2,1.121e-06,0.000e+00,6.072e-10,1.121e-06
segD0_AO22X0P7H7L_Y_1,1.2,1.119e-06,0.000e+00,1.440e-09,1.121e-06
segD0_AO22X0P7H7L_Y,1.2,1.104e-06,0.000e+00,1.440e-09,1.105e-06
segT0[5]_reg_p_D_OAOI211X0P5H7L_Y_B0_OA22X0P5H7L_Y_B0_AOI2BB1X0P5H7L_Y_B0_OAOI211X0P5H7L_Y,1.2,1.105e-06,0.000e+00,6.807e-10,1.105e-06
segD0_OAI21X0P5H7L_Y_2_B0_OAO211X0P5H7L_Y_B0_AOA211X1P4H7L_A0,1.2,1.067e-06,0.000e+00,1.292e-09,1.068e-06
segD0_OA31X1H7L_Y_B0_OAI211X0P7H7L_Y_B0_AOA211X1P4H7L_A1,1.2,1.062e-06,0.000e+00,1.292e-09,1.064e-06
fifo[7]_2__MUX4X3H7L_A_Y_AOI21BX4H7L_B0N,1.2,1.049e-06,0.000e+00,3.625e-09,1.053e-06
segD0_OA31X1H7L_Y,1.2,1.050e-06,0.000e+00,1.403e-09,1.052e-06
buffer_8__reg_p_D_MUX2X0P5H7L_Y_S0_NAND2X0P5H7L_Y,1.2,1.044e-06,0.000e+00,5.562e-10,1.044e-06
SegT1.in_0__reg_p,1.2,1.016e-06,0.000e+00,6.441e-09,1.023e-06
fifo[3]_3__MUX4X3H7L_A_Y_NAND3X3H7L_C_Y_AO211X1P4H7L_A0,1.2,1.012e-06,0.000e+00,1.766e-09,1.014e-06
segD0_AO22X0P7H7L_Y_1_B1_AOAI211X1P4H7L_A0_Y_OA31X4H7L_A1_A2_AOI221X1P4H7L_Y,1.2,1.013e-06,0.000e+00,9.778e-10,1.014e-06
buffer_4__reg_p_D_MUX2X0P5H7L_Y_S0_NAND2X0P5H7L_Y,1.2,1.008e-06,0.000e+00,5.492e-10,1.008e-06
segD0_OA31X1H7L_Y_A1_OAI211X0P7H7L_A1_Y_OAI221X1P4H7L_C0,1.2,1.005e-06,0.000e+00,8.988e-10,1.006e-06
clrn_NOR3X0P5H7L_A_1_C_NOR2BX1H7L_AN,1.2,1.001e-06,0.000e+00,1.352e-09,1.002e-06
buffer_1__reg_p_D_MUX2X0P5H7L_Y_S0_NAND2X0P5H7L_Y,1.2,9.969e-07,0.000e+00,4.946e-10,9.974e-07
clrn_NOR3X0P5H7L_A_C_NAND2BX0P5H7L_B,1.2,9.823e-07,0.000e+00,1.202e-09,9.835e-07
segT0[1]_reg_p_D_AOAI211X1P4H7L_Y_B0_AOI211X0P5H7L_Y_A1_OAI21X0P5H7L_Y,1.2,9.825e-07,0.000e+00,7.087e-10,9.832e-07
segD0_OAI21X0P5H7L_Y_2_B0_OAO211X0P5H7L_Y,1.2,9.272e-07,0.000e+00,1.549e-09,9.288e-07
fifo[3]_6__MUX4X1P4H7L_A_Y_AND4X1P4H7L_D,1.2,9.236e-07,0.000e+00,6.735e-10,9.243e-07
count_2__reg_p_D_NOR2X0P5H7L_Y_B_XOR2X0P5H7L_Y_B_NAND2X0P5H7L_Y,1.2,8.887e-07,0.000e+00,4.690e-10,8.892e-07
segA0_AOI32X1P4H7L_Y,1.2,8.855e-07,0.000e+00,1.002e-09,8.865e-07
SegT1.in_0__reg_p_D_NOR2X0P5H7L_Y_B_XNOR2X0P5H7L_Y,1.2,8.825e-07,0.000e+00,3.227e-09,8.857e-07
clrn_NOR3X0P5H7L_A_1_C_NAND3X0P5H7L_Y,1.2,8.679e-07,0.000e+00,3.201e-10,8.682e-07
segT0[5]_reg_p_D_OAOI211X0P5H7L_Y_A1_AOI21X0P5H7L_Y,1.2,8.422e-07,0.000e+00,8.811e-10,8.431e-07
fifo[7]_7__MUX4X3H7L_A_Y_MUX2X1P4H7L_A_S0_NOR2X2H7L_Y,1.2,8.388e-07,0.000e+00,1.836e-09,8.406e-07
segD0_OA31X1H7L_Y_B0_OAI211X0P7H7L_Y_B0_AOA211X1P4H7L_A1_Y_AO31X3H7L_A1_B0_AND4X1H7L_Y,1.2,8.346e-07,0.000e+00,5.636e-10,8.351e-07
segT0[4]_reg_p_D_NOR2X3H7L_Y_B_MUX4X3H7L_Y_B_AOI21X0P5H7L_Y,1.2,8.249e-07,0.000e+00,9.080e-10,8.258e-07
SegT0.in_1__reg_p_D_AOI21X0P5H7L_Y,1.2,8.105e-07,0.000e+00,7.069e-10,8.112e-07
w_ptr_1__reg_p_D_AOI21X0P5H7L_Y,1.2,8.101e-07,0.000e+00,7.069e-10,8.108e-07
fifo[3]_6__MUX4X1P4H7L_A_Y_NOR2X0P5H7L_B,1.2,8.070e-07,0.000e+00,8.598e-10,8.079e-07
ps2_clk_sync_0__reg_p,1.2,7.928e-07,0.000e+00,6.757e-09,7.996e-07
ps2_clk_sync_2__reg_p,1.2,7.928e-07,0.000e+00,6.757e-09,7.996e-07
fifo[3]_1__MUX4X3H7L_A_Y_NAND2X0P5H7L_B,1.2,7.990e-07,0.000e+00,5.226e-10,7.995e-07
SegT0.in_0__reg_p,1.2,7.927e-07,0.000e+00,6.417e-09,7.991e-07
ps2_clk_sync_1__reg_p,1.2,7.921e-07,0.000e+00,6.757e-09,7.989e-07
w_ptr_0__reg_p,1.2,7.921e-07,0.000e+00,6.417e-09,7.985e-07
buffer_0__NOR4BX0P5H7L_D,1.2,7.925e-07,0.000e+00,1.075e-09,7.936e-07
segT0[1]_reg_p_D_AOAI211X1P4H7L_Y_A1_MUX2X0P5H7L_Y_A_MUXI2X0P5H7L_Y,1.2,7.690e-07,0.000e+00,2.597e-09,7.716e-07
segT0[3]_reg_p_D_AOI2BB1X0P5H7L_Y_B0_OAI31X1H7L_Y_B0_OAOI211X0P5H7L_Y,1.2,7.670e-07,0.000e+00,6.807e-10,7.677e-07
segT0[1]_reg_p_D_AOAI211X1P4H7L_Y_B0_AOI211X0P5H7L_Y_B0_NOR2X0P5H7L_Y_B_OR2X1P4H7L_Y,1.2,7.407e-07,0.000e+00,1.715e-09,7.424e-07
buffer_9__MUX2X0P5H7L_B_S0_NAND2X0P5H7L_Y_B_NOR2BX1H7L_Z,1.2,7.391e-07,0.000e+00,1.414e-09,7.406e-07
segT0[4]_reg_p_D_NOR2X3H7L_Y_B_MUX4X3H7L_Y_A_AOI21X0P5H7L_Y,1.2,7.319e-07,0.000e+00,9.579e-10,7.329e-07
count_3__NOR2BX1P4H7L_B,1.2,7.290e-07,0.000e+00,1.505e-09,7.305e-07
SegT0.in_3__reg_p_D_NOR2X0P5H7L_Y_B_XOR2X0P5H7L_Y_B_NAND3X0P5H7L_Y,1.2,7.108e-07,0.000e+00,4.054e-10,7.112e-07
fifo[7]_5__MUX2X0P5H7L_A_Y_AOI22X0P5H7L_A0_B0_NOR2BX1H7L_Z,1.2,6.978e-07,0.000e+00,1.369e-09,6.991e-07
segD0_OA31X1H7L_Y_A1_OAI211X0P7H7L_A1_Y_OAI221X1P4H7L_C0_A1_OAI21BX0P5H7L_Y_B0N_AOI21X3H7L_Y,1.2,6.969e-07,0.000e+00,1.801e-09,6.987e-07
segT0[4]_reg_p_D_NOR2X3H7L_Y_B_MUX4X3H7L_Y_C_AOI21X0P5H7L_Y,1.2,6.971e-07,0.000e+00,8.922e-10,6.980e-07
count_3__NOR2X0P5H7L_B,1.2,6.938e-07,0.000e+00,7.199e-10,6.946e-07
SegT1.in_3__reg_p_D_AO31X0P5H7L_A2_A0_AND2X6H7L_Y,1.2,6.879e-07,0.000e+00,3.352e-09,6.912e-07
segD1_OAI32X0P5H7L_Y,1.2,6.881e-07,0.000e+00,7.998e-10,6.889e-07
ps2Neg_INVX0P5H7L_Y_A_NOR2X0P5H7L_A_Y_ICGX0P5H7L_E,1.2,6.838e-07,0.000e+00,4.747e-09,6.885e-07
w_ptr_1__reg_p_D_AOI21X0P5H7L_Y_A0_NOR2BX1H7L_B_AN_NOR3BX0P5H7L_AN_Y_ICGX0P5H7L_E,1.2,6.836e-07,0.000e+00,4.747e-09,6.884e-07
w_ptr_1__reg_p_D_AOI21X0P5H7L_Y_A0_NOR2BX1H7L_B_Z_ICGX0P5H7L_E,1.2,6.836e-07,0.000e+00,4.747e-09,6.884e-07
segT0[4]_reg_p_D_NOR2X3H7L_Y_B_MUX4X3H7L_Y_S0_ICGX0P5H7L_E,1.2,6.836e-07,0.000e+00,4.747e-09,6.884e-07
w_ptr_1__reg_p_D_AOI21X0P5H7L_Y_A0_NOR2X0P5H7L_A_B_NOR3X0P5H7L_C_Y_ICGX0P5H7L_E,1.2,6.836e-07,0.000e+00,4.747e-09,6.884e-07
w_ptr_1__reg_p_D_AOI21X0P5H7L_Y_A0_NOR2X0P5H7L_A_Y_ICGX0P5H7L_E,1.2,6.836e-07,0.000e+00,4.747e-09,6.884e-07
w_ptr_1__reg_p_D_AOI21X0P5H7L_Y_A1_NOR2BX1H7L_B_Z_ICGX0P5H7L_E,1.2,6.836e-07,0.000e+00,4.747e-09,6.884e-07
w_ptr_1__reg_p_D_AOI21X0P5H7L_Y_A1_NOR2X0P5H7L_A_Y_ICGX0P5H7L_E,1.2,6.836e-07,0.000e+00,4.747e-09,6.884e-07
w_ptr_2__reg_p_D_NOR2X0P5H7L_Y_B_XOR2X0P5H7L_Y_B_NOR2BX1H7L_B_Z_ICGX0P5H7L_E,1.2,6.836e-07,0.000e+00,4.747e-09,6.884e-07
w_ptr_2__reg_p_D_NOR2X0P5H7L_Y_B_XOR2X0P5H7L_Y_B_NOR2X0P5H7L_A_Y_ICGX0P5H7L_E,1.2,6.836e-07,0.000e+00,4.747e-09,6.884e-07
buffer_0__NOR4BX0P5H7L_D_Y_NAND2X0P5H7L_B_Y_INVX0P5H7L_A_Y_ICGX0P5H7L_E,1.2,6.823e-07,0.000e+00,4.747e-09,6.871e-07
ps2Neg_ICGX0P5H7L_E,1.2,6.823e-07,0.000e+00,4.747e-09,6.871e-07
over_NOR3X0P5H7L_B_C_NAND2X0P5H7L_Y,1.2,6.856e-07,0.000e+00,3.943e-10,6.860e-07
SegT1.in_3__NAND2X0P5H7L_B,1.2,6.802e-07,0.000e+00,5.404e-10,6.807e-07
segD0_OA31X1H7L_Y_B0_OAI211X0P7H7L_Y_B0_AOA211X1P4H7L_A1_Y_AO31X3H7L_A1_Y_BUFX8H7L_A,1.2,6.601e-07,0.000e+00,5.667e-09,6.658e-07
segA0_OAOI211X2H7L_Y,1.2,6.401e-07,0.000e+00,1.098e-09,6.412e-07
fifo[3]_1__MUX4X3H7L_A_Y_NAND3X1P4H7L_C_Y_AOI211X1P4H7L_A0,1.2,6.227e-07,0.000e+00,7.766e-10,6.235e-07
buffer_0__NOR4BX0P5H7L_D_B_NAND2X0P5H7L_B,1.2,6.222e-07,0.000e+00,5.628e-10,6.227e-07
fifo[3]_2__MUX4X1P4H7L_A_Y_AND3X1P4H7L_C,1.2,6.095e-07,0.000e+00,7.947e-10,6.103e-07
buffer_0__MUX2X0P5H7L_B_S0_NAND2X0P5H7L_Y_A_NOR2X0P5H7L_Y,1.2,6.083e-07,0.000e+00,9.211e-10,6.093e-07
segA0_AOI32X1P4H7L_Y_B0_AOI21BX2H7L_Y,1.2,6.017e-07,0.000e+00,1.907e-09,6.036e-07
buffer_2__reg_p_D_AOAI211X0P5H7L_Y_A1_NOR2BX1P4H7L_Z,1.2,5.991e-07,0.000e+00,1.509e-09,6.006e-07
segT0[6]_reg_p_D_AOA211X1P4H7L_Y_B0_AOI21X0P5H7L_Y_A1_OAI21X0P5H7L_Y,1.2,5.952e-07,0.000e+00,7.087e-10,5.959e-07
segD0_AO22X0P7H7L_Y_1_B1_AOAI211X1P4H7L_A0,1.2,5.942e-07,0.000e+00,8.846e-10,5.951e-07
fifo[3]_3__MUX4X3H7L_A_Y_NAND3X3H7L_C_Y_OAI211X1P4H7L_B0,1.2,5.927e-07,0.000e+00,6.930e-10,5.934e-07
segA0_AOAI211X1P4H7L_Y,1.2,5.910e-07,0.000e+00,8.846e-10,5.919e-07
segD0_OA31X1H7L_Y_A1_OAI211X0P7H7L_A1_Y_OAI221X1P4H7L_C0_A1_OAI21BX0P5H7L_Y_B0N_AOAI211X1P4H7L_C0,1.2,5.906e-07,0.000e+00,8.846e-10,5.915e-07
segA0_OAI211X1P4H7L_Y_C0_NAND4BX1P4H7L_Y,1.2,5.859e-07,0.000e+00,9.906e-10,5.869e-07
segA0_AOAI211X1P4H7L_Y_1,1.2,5.847e-07,0.000e+00,8.846e-10,5.856e-07
segD0_OA31X1H7L_Y_A1_OAI211X0P7H7L_A1_Y_OAI221X1P4H7L_C0_A1_OAI21BX0P5H7L_Y_B0N_AOAI211X1P4H7L_C0_A0_OAI211X1P4H7L_Y,1.2,5.839e-07,0.000e+00,6.930e-10,5.846e-07
segD0_AO22X0P7H7L_Y_1_B1_AOAI211X1P4H7L_A0_Y_OA31X4H7L_A1_A2_AOI221X1P4H7L_Y_C0_OAI211X1P4H7L_Y,1.2,5.839e-07,0.000e+00,6.930e-10,5.846e-07
segD0_OA31X1H7L_Y_A1_OAI211X0P7H7L_A1_Y_OAI221X1P4H7L_C0_A1_OAI21BX0P5H7L_Y_B0N_AOAI211X1P4H7L_C0_Y_AND2X3H7L_A_B_OAI211X1P4H7L_Y,1.2,5.827e-07,0.000e+00,6.930e-10,5.834e-07
segD1_AOAI211X0P5H7L_Y_A1_OAI211X1P4H7L_B0,1.2,5.808e-07,0.000e+00,6.930e-10,5.815e-07
segA0_OAI211X1P4H7L_Y,1.2,5.804e-07,0.000e+00,6.930e-10,5.811e-07
segA0_OAOI211X2H7L_Y_A1_XNOR2X1H7L_Y,1.2,5.778e-07,0.000e+00,3.191e-09,5.810e-07
segA0_OAI211X1P4H7L_Y_A0_XNOR2X1H7L_Y,1.2,5.777e-07,0.000e+00,3.191e-09,5.809e-07
fifo[3]_3__MUX4X3H7L_A_Y_NAND3X3H7L_C,1.2,5.793e-07,0.000e+00,9.842e-10,5.803e-07
buffer_9__MUX2X0P5H7L_B_S0_NAND2X0P5H7L_Y,1.2,5.776e-07,0.000e+00,4.873e-10,5.781e-07
segD0_OA31X1H7L_Y_A1_OAI211X0P7H7L_A1_Y_OAI221X1P4H7L_C0_A0_AOI211X1H7L_Y,1.2,5.703e-07,0.000e+00,7.063e-10,5.710e-07
segD1_OAI32X0P5H7L_Y_B0_AOI21X0P5H7L_Y_B0_AND3X1H7L_Y,1.2,5.677e-07,0.000e+00,7.595e-10,5.684e-07
segD1_OAI32X0P5H7L_Y_B0_AOI21X0P5H7L_Y_A1_XNOR2X0P5H7L_Y,1.2,5.518e-07,0.000e+00,3.095e-09,5.549e-07
segD0_OA31X1H7L_Y_A1_OAI211X0P7H7L_A1_Y_OAI221X1P4H7L_C0_A1_OAI21BX0P5H7L_Y_B0N_AOAI211X1P4H7L_C0_Y_AND2X3H7L_A,1.2,5.490e-07,0.000e+00,1.568e-09,5.506e-07
segA0_AOAI211X1P4H7L_Y_A1_OAI21BX1H7L_Y,1.2,5.490e-07,0.000e+00,1.460e-09,5.505e-07
segD0_OA31X1H7L_Y_B0_OAI211X0P7H7L_Y_B0_AOA211X1P4H7L_A1_Y_AO31X3H7L_A1_B0_AND4X1H7L_Y_D_AOAI211X1H7L_Y,1.2,5.466e-07,0.000e+00,8.031e-10,5.474e-07
w_ptr_0__BUFX7H7L_A,1.2,5.379e-07,0.000e+00,4.862e-09,5.428e-07
fifo[7]_2__MUX4X3H7L_A_Y_OAI21X0P5H7L_B0_Y_AOI22X0P5H7L_A1,1.2,5.407e-07,0.000e+00,8.247e-10,5.415e-07
fifo[7]_7__MUX4X3H7L_A_Y_MUX2X1P4H7L_A,1.2,5.389e-07,0.000e+00,2.220e-09,5.411e-07
segD0_OA31X1H7L_Y_B0_OAI211X0P7H7L_Y_B0_AOA211X1P4H7L_A1_Y_AO31X3H7L_A1_A0_OAI211X1H7L_Y,1.2,5.399e-07,0.000e+00,6.284e-10,5.405e-07
fifo[3]_3__MUX4X3H7L_A_Y_NAND3X3H7L_C_Y_AND2X1H7L_A_Y_BUFX7H7L_A,1.2,5.354e-07,0.000e+00,4.862e-09,5.403e-07
fifo[3]_1__MUX4X3H7L_A_Y_NAND3X1P4H7L_C_Y_AND2X1H7L_A_Y_BUFX7H7L_A,1.2,5.344e-07,0.000e+00,4.862e-09,5.393e-07
fifo[7]_6__MUX4X3H7L_A_Y_MUXI2X1P4H7L_A_Y_BUFX7H7L_A,1.2,5.329e-07,0.000e+00,4.862e-09,5.378e-07
fifo[3]_4__MUX4X1H7L_A_Y_NAND3X0P5H7L_C_Y_AND2X1H7L_B_Y_BUFX7H7L_A,1.2,5.313e-07,0.000e+00,4.862e-09,5.361e-07
segA0_OAI211X1P4H7L_Y_B0_NAND4BX1H7L_Y,1.2,5.334e-07,0.000e+00,9.570e-10,5.344e-07
segA0_AOI31X1P4H7L_Y,1.2,5.278e-07,0.000e+00,9.602e-10,5.287e-07
over_NOR3X0P5H7L_B,1.2,5.223e-07,0.000e+00,4.515e-10,5.227e-07
count_2__reg_p_D_NOR2X0P5H7L_Y,1.2,5.152e-07,0.000e+00,5.959e-10,5.158e-07
clrn_NOR3X0P5H7L_A_1,1.2,5.096e-07,0.000e+00,4.047e-10,5.100e-07
clrn_NOR3X0P5H7L_A_1_C_NOR2BX1H7L_AN_B_NAND2X0P5H7L_Y,1.2,4.975e-07,0.000e+00,5.402e-10,4.980e-07
segD0_OA31X1H7L_Y_A1_OAI211X0P7H7L_A1,1.2,4.940e-07,0.000e+00,5.716e-10,4.945e-07
segA0_AOI31X1P4H7L_Y_B0_AOI2BB1X1P4H7L_Y,1.2,4.923e-07,0.000e+00,1.772e-09,4.941e-07
segD1_OAI31X0P5H7L_Y_1_B0_OAI211X0P7H7L_Y,1.2,4.927e-07,0.000e+00,5.716e-10,4.933e-07
segD0_OA31X1H7L_Y_B0_OAI211X0P7H7L_Y,1.2,4.919e-07,0.000e+00,5.716e-10,4.925e-07
segD0_OA31X1H7L_Y_B0_OAI211X0P7H7L_Y_B0_AOA211X1P4H7L_A1_Y_AO31X3H7L_A1_B0_AND4X1H7L_Y_B_OAI211X0P7H7L_Y,1.2,4.900e-07,0.000e+00,5.716e-10,4.906e-07
SegT1.in_3__reg_p_D_NOR2X0P5H7L_Y,1.2,4.864e-07,0.000e+00,5.994e-10,4.870e-07
segA1_AOAI211X0P5H7L_Y_A0_AOAI211X0P5H7L_Y,1.2,4.825e-07,0.000e+00,6.914e-10,4.832e-07
segA1_AOAI211X0P5H7L_Y_A1_AOAI211X0P5H7L_Y,1.2,4.819e-07,0.000e+00,6.914e-10,4.826e-07
segA1_AOAI211X0P5H7L_Y_2,1.2,4.815e-07,0.000e+00,6.914e-10,4.821e-07
segA1_AOAI211X0P5H7L_Y_A0_AOAI211X0P5H7L_A0,1.2,4.802e-07,0.000e+00,6.914e-10,4.809e-07
segD0_OA31X1H7L_Y_A1_OAI211X0P7H7L_A1_Y_OAI221X1P4H7L_C0_A1_OAI21BX0P5H7L_Y,1.2,4.795e-07,0.000e+00,1.348e-09,4.809e-07
segD0_OA31X1H7L_Y_B0_OAI211X0P7H7L_Y_B0_AOA211X1P4H7L_A1_Y_AO31X3H7L_A1_A2_AOAI211X0P5H7L_Y,1.2,4.796e-07,0.000e+00,6.914e-10,4.803e-07
segD0_AO22X0P7H7L_Y_1_B1_AOAI211X1P4H7L_A0_Y_OA31X4H7L_A1_B0_AOAI211X0P5H7L_Y,1.2,4.793e-07,0.000e+00,6.914e-10,4.800e-07
segD1_AOAI211X0P5H7L_Y_C0_AOAI211X0P5H7L_Y,1.2,4.782e-07,0.000e+00,6.914e-10,4.789e-07
segD0_OAI2BB1X0P5H7L_Y_B0_AOAI211X0P5H7L_Y,1.2,4.770e-07,0.000e+00,6.914e-10,4.777e-07
segD0_OAI2BB1X0P5H7L_Y_B0_AOAI211X0P5H7L_Y_A1_AOAI211X0P5H7L_A1,1.2,4.767e-07,0.000e+00,6.914e-10,4.774e-07
segD0_OAI21X0P5H7L_Y_B0_AOAI211X0P5H7L_Y,1.2,4.754e-07,0.000e+00,6.914e-10,4.761e-07
segA1_AOAI211X0P5H7L_Y_1,1.2,4.744e-07,0.000e+00,6.914e-10,4.751e-07
segD1_AOAI211X0P5H7L_Y,1.2,4.731e-07,0.000e+00,6.914e-10,4.738e-07
segA1_AOAI211X0P5H7L_Y,1.2,4.713e-07,0.000e+00,6.914e-10,4.720e-07
buffer_5__reg_p_D_AOAI211X0P5H7L_Y_A0_NOR2BX1P4H7L_Z,1.2,4.663e-07,0.000e+00,1.538e-09,4.678e-07
segA0_OAI21X1H7L_Y_B0_NAND4BX0P5H7L_Y,1.2,4.669e-07,0.000e+00,9.099e-10,4.678e-07
segT0[6]_reg_p_D_AOA211X1P4H7L_Y_A1_MUX2X1P4H7L_Y_B_NAND2X0P5H7L_Y,1.2,4.649e-07,0.000e+00,5.628e-10,4.655e-07
segT0[6]_reg_p_D_AOA211X1P4H7L_Y_A1_MUX2X1P4H7L_Y_B_NAND2X0P5H7L_Y_A_NAND2BX0P5H7L_Y,1.2,4.528e-07,0.000e+00,1.202e-09,4.540e-07
segD0_OA31X1H7L_Y_A1_OAI211X0P7H7L_A1_Y_OAI221X1P4H7L_C0_A1_OAI21BX0P5H7L_Y_B0N_AOAI211X1P4H7L_C0_Y_AND2X3H7L_A_B_OAI211X1P4H7L_Y_C0_OAI31X0P7H7L_Y,1.2,4.504e-07,0.000e+00,7.709e-10,4.512e-07
segD0_OAI21X0P5H7L_Y_2_B0_OAO211X0P5H7L_Y_B0_AOA211X1P4H7L_A0_C0_AOI31X0P5H7L_Y,1.2,4.211e-07,0.000e+00,7.553e-10,4.218e-07
clrn_NOR3X0P5H7L_A,1.2,4.162e-07,0.000e+00,4.841e-10,4.166e-07
segA0_OAOI211X2H7L_Y_C0_AOI31X0P5H7L_Y,1.2,4.154e-07,0.000e+00,7.553e-10,4.162e-07
ps2_clk_sync_2__NAND2BX0P5H7L_B,1.2,4.134e-07,0.000e+00,1.202e-09,4.146e-07
w_ptr_1__reg_p_D_AOI21X0P5H7L_Y_A0_NAND2BX0P5H7L_Y,1.2,4.112e-07,0.000e+00,1.202e-09,4.124e-07
w_ptr_1__reg_p_D_AOI21X0P5H7L_Y_A1_NAND2BX0P5H7L_Y,1.2,4.110e-07,0.000e+00,1.202e-09,4.122e-07
segD1_OAI21X0P5H7L_Y_B0_NAND4X0P5H7L_Y,1.2,4.046e-07,0.000e+00,2.705e-10,4.049e-07
segD1_INVX0P5H7L_Y_A_OAI31X0P5H7L_Y,1.2,4.040e-07,0.000e+00,7.296e-10,4.047e-07
segD1_OAI31X0P5H7L_Y_1,1.2,3.987e-07,0.000e+00,7.296e-10,3.994e-07
segD1_OAI31X0P5H7L_Y,1.2,3.968e-07,0.000e+00,7.296e-10,3.976e-07
clrn_NOR3X0P5H7L_A_C_NAND2X0P5H7L_Y_B_AND4X0P5H7L_Y,1.2,3.950e-07,0.000e+00,6.082e-10,3.956e-07
segT0[4]_reg_p_D_NOR2X3H7L_Y_B_MUX4X3H7L_Y_A_AOI21X0P5H7L_Y_B0_AND3X0P5H7L_Y,1.2,3.918e-07,0.000e+00,7.856e-10,3.926e-07
fifo[7]_6__MUX4X3H7L_A_Y_MUXI2X1P4H7L_A,1.2,3.894e-07,0.000e+00,3.068e-09,3.924e-07
segD0_OAI2BB1X0P5H7L_Y,1.2,3.908e-07,0.000e+00,1.127e-09,3.920e-07
fifo[7]_5__MUX4X3H7L_A_Y_MUXI2X1P4H7L_B,1.2,3.846e-07,0.000e+00,3.068e-09,3.877e-07
segA0_AOI32X1P4H7L_Y_A1_NAND3BX1P4H7L_Y,1.2,3.862e-07,0.000e+00,1.161e-09,3.873e-07
segT0[6]_reg_p_D_AOA211X1P4H7L_Y_B0_AOI21X0P5H7L_Y_B0_NAND2X0P5H7L_Y,1.2,3.756e-07,0.000e+00,5.628e-10,3.761e-07
clrn_NOR3X0P5H7L_A_C_NAND2BX0P5H7L_B_AN_NAND2X0P5H7L_Y,1.2,3.711e-07,0.000e+00,5.391e-10,3.716e-07
segD1_OAI32X0P5H7L_Y_A2_OR2X1P4H7L_Y,1.2,3.608e-07,0.000e+00,1.715e-09,3.625e-07
over_INVX0P5H7L_A_Y_AND3X1P4H7L_A,1.2,3.599e-07,0.000e+00,8.098e-10,3.607e-07
fifo[7]_3__MUX4X3H7L_A_Y_OAI21X1P4H7L_B0,1.2,3.571e-07,0.000e+00,9.034e-10,3.580e-07
segD1_AOAI211X0P5H7L_Y_A1_OR2X1P4H7L_Y,1.2,3.545e-07,0.000e+00,1.715e-09,3.562e-07
segD0_AO22X0P7H7L_Y_1_B1_AOAI211X1P4H7L_A0_C0_OAI21X1P4H7L_Y,1.2,3.539e-07,0.000e+00,9.034e-10,3.548e-07
fifo[7]_1__MUX4X3H7L_A_Y_OAI21X1P4H7L_B0,1.2,3.521e-07,0.000e+00,9.034e-10,3.530e-07
segD0_OA31X1H7L_Y_A1_OAI211X0P7H7L_A1_Y_OAI221X1P4H7L_C0_A1_OAI21BX0P5H7L_Y_B0N_AOAI211X1P4H7L_C0_A1_OAI21X1P4H7L_Y,1.2,3.490e-07,0.000e+00,9.034e-10,3.499e-07
segA0_OAI21X1H7L_Y_A1_OAI21X1H7L_Y,1.2,3.283e-07,0.000e+00,8.210e-10,3.291e-07
w_ptr_1__reg_p_D_AOI21X0P5H7L_Y_A0_NOR2BX1H7L_B_AN_NOR3BX0P5H7L_AN,1.2,3.268e-07,0.000e+00,1.113e-09,3.279e-07
segD0_OA31X1H7L_Y_B0_OAI211X0P7H7L_Y_B0_AOA211X1P4H7L_A1_C0_OAI21X1H7L_Y,1.2,3.213e-07,0.000e+00,8.210e-10,3.221e-07
segA0_OAI21X1H7L_Y,1.2,3.198e-07,0.000e+00,8.210e-10,3.206e-07
SegT1.in_2__reg_p_D_NOR2X0P5H7L_Y,1.2,3.185e-07,0.000e+00,5.983e-10,3.191e-07
count_0__reg_p_D_NOR2X0P5H7L_Y,1.2,3.145e-07,0.000e+00,5.551e-10,3.150e-07
segT0[2]_reg_p_D_OAOI211X0P5H7L_Y_C0_OAI31X1H7L_Y_B0_AOI211X0P5H7L_Y_B0_NOR2BX1H7L_Z,1.2,3.135e-07,0.000e+00,1.435e-09,3.149e-07
fifo[7]_5__MUX2X0P5H7L_A_Y_AOI22X0P5H7L_A0_A1_NOR2X0P5H7L_Y,1.2,3.095e-07,0.000e+00,5.551e-10,3.101e-07
segA0_AOI31X1P4H7L_Y_A2_NAND3BX0P5H7L_Y,1.2,3.074e-07,0.000e+00,1.045e-09,3.085e-07
segA0_AOI32X1P4H7L_Y_B1_NAND3BX0P5H7L_Y,1.2,3.069e-07,0.000e+00,1.045e-09,3.079e-07
fifo[3]_4__MUX4X1H7L_A_Y_NAND3X0P5H7L_C_Y_AND2X1H7L_B,1.2,3.052e-07,0.000e+00,1.048e-09,3.062e-07
fifo[3]_3__MUX4X3H7L_A_Y_NAND3X3H7L_C_Y_AND2X1H7L_A,1.2,3.043e-07,0.000e+00,1.048e-09,3.053e-07
segT0[5]_reg_p_D_OAOI211X0P5H7L_Y_A1_AOI21X0P5H7L_Y_B0_NOR3X0P5H7L_Y,1.2,3.028e-07,0.000e+00,5.220e-10,3.033e-07
fifo[3]_0__MUX4X1P4H7L_A_Y_NAND3X0P5H7L_C_Y_AND2X1H7L_A_Y_BUFX3P5H7L_A,1.2,3.006e-07,0.000e+00,2.428e-09,3.030e-07
fifo[3]_1__MUX4X3H7L_A_Y_NAND3X1P4H7L_C_Y_AND2X1H7L_A,1.2,3.015e-07,0.000e+00,1.048e-09,3.025e-07
fifo[3]_0__MUX4X1P4H7L_A_Y_NAND3X0P5H7L_C_Y_AND2X1H7L_A,1.2,2.995e-07,0.000e+00,1.048e-09,3.006e-07
fifo[7]_5__MUX4X3H7L_A_Y_MUXI2X1P4H7L_B_Y_BUFX3P5H7L_A,1.2,2.975e-07,0.000e+00,2.428e-09,2.999e-07
segD0_OA31X1H7L_Y_A1_OAI211X0P7H7L_A1_Y_OAI221X1P4H7L_C0_Y_BUFX3P5H7L_A,1.2,2.947e-07,0.000e+00,2.428e-09,2.971e-07
fifo[7]_0__MUX4X1P4H7L_A_Y_OAI21X0P7H7L_B0,1.2,2.949e-07,0.000e+00,7.491e-10,2.957e-07
segA1_AOAI211X0P5H7L_Y_2_C0_AOI21X0P5H7L_Y_B0_AOI21X0P5H7L_Y_A1_OAI21X0P5H7L_Y,1.2,2.871e-07,0.000e+00,7.087e-10,2.878e-07
fifo[3]_1__MUX4X3H7L_A_Y_NAND3X1P4H7L_C,1.2,2.812e-07,0.000e+00,5.216e-10,2.817e-07
segD1_OAI31X0P5H7L_Y_B0_OAI21X0P5H7L_Y,1.2,2.810e-07,0.000e+00,7.087e-10,2.817e-07
segD0_OA31X1H7L_Y_B0_OAI211X0P7H7L_Y_B0_AOA211X1P4H7L_A1_Y_AO31X3H7L_A1_B0_AND4X1H7L_Y_C_OAI21X0P5H7L_Y,1.2,2.801e-07,0.000e+00,7.087e-10,2.808e-07
segD0_OA31X1H7L_Y_A1_OAI211X0P7H7L_A1_Y_OAI221X1P4H7L_C0_A1_OAI21BX0P5H7L_Y_B0N_AOAI211X1P4H7L_C0_Y_AND2X3H7L_A_B_OAI211X1P4H7L_Y_B0_OAI21X0P5H7L_Y,1.2,2.796e-07,0.000e+00,7.087e-10,2.803e-07
segD0_AO22X0P7H7L_Y_1_B1_AOAI211X1P4H7L_A0_Y_OA31X4H7L_A1_A2_AOI221X1P4H7L_Y_B0_OAI21X0P5H7L_Y,1.2,2.794e-07,0.000e+00,7.087e-10,2.801e-07
segD0_AO22X0P7H7L_Y_B0_OAI21X0P5H7L_Y,1.2,2.791e-07,0.000e+00,7.087e-10,2.798e-07
segD0_OAI21X0P5H7L_Y_2_B0_OAO211X0P5H7L_Y_B0_NAND3X1P4H7L_Y,1.2,2.787e-07,0.000e+00,5.216e-10,2.792e-07
fifo[7]_2__MUX4X3H7L_A_Y_OAI21X0P5H7L_B0,1.2,2.778e-07,0.000e+00,7.087e-10,2.785e-07
SegT0.in_3__reg_p_D_NOR2X0P5H7L_Y,1.2,2.778e-07,0.000e+00,5.996e-10,2.784e-07
segD0_OAI21X0P5H7L_Y_1_B0_OAI21X0P5H7L_Y,1.2,2.776e-07,0.000e+00,7.087e-10,2.783e-07
segD1_OAI21X0P5H7L_Y,1.2,2.771e-07,0.000e+00,7.087e-10,2.778e-07
segD0_OAI21X0P5H7L_Y,1.2,2.761e-07,0.000e+00,7.087e-10,2.768e-07
segD1_OAI21X0P5H7L_Y_1,1.2,2.736e-07,0.000e+00,7.087e-10,2.743e-07
segD0_OAI21X0P5H7L_Y_1,1.2,2.733e-07,0.000e+00,7.087e-10,2.740e-07
segD0_OAI21X0P5H7L_Y_2,1.2,2.731e-07,0.000e+00,7.087e-10,2.738e-07
segA1_AOAI211X0P5H7L_Y_2_C0_AOI21X0P5H7L_Y,1.2,2.705e-07,0.000e+00,7.503e-10,2.713e-07
fifo[3]_2__MUX4X1P4H7L_A_Y_AND3X1P4H7L_C_Y_NOR2X3H7L_A,1.2,2.679e-07,0.000e+00,1.507e-09,2.694e-07
segA1_AOAI211X0P5H7L_Y_2_C0_AOI21X0P5H7L_Y_B0_AOI21X0P5H7L_Y,1.2,2.679e-07,0.000e+00,7.503e-10,2.687e-07
segD1_OAI32X0P5H7L_Y_B0_AOI21X0P5H7L_Y,1.2,2.666e-07,0.000e+00,7.503e-10,2.673e-07
segD1_OAI21X0P5H7L_Y_A1_NOR2X0P5H7L_Y_B_AOI21X0P5H7L_Y,1.2,2.665e-07,0.000e+00,7.503e-10,2.672e-07
segD0_OA31X1H7L_Y_A1_OAI211X0P7H7L_A1_Y_OAI221X1P4H7L_C0_A0_AOI211X1H7L_Y_B0_AOI21X0P5H7L_Y,1.2,2.664e-07,0.000e+00,7.503e-10,2.671e-07
segD0_OAI2BB1X0P5H7L_Y_B0_AOAI211X0P5H7L_Y_B0_AOI21X0P5H7L_Y,1.2,2.661e-07,0.000e+00,7.503e-10,2.669e-07
segD1_OAI21X0P5H7L_Y_1_A1_AOI21X0P5H7L_Y,1.2,2.659e-07,0.000e+00,7.503e-10,2.667e-07
segT0[7]_reg_p_D_OAI2BB2X1P4H7L_Y_A0N_AO221X1H7L_Y_A1_NOR2X0P5H7L_A_B_NOR2BX1H7L_Z,1.2,2.595e-07,0.000e+00,1.369e-09,2.609e-07
SegT0.in_1__reg_p_D_AOI21X0P5H7L_Y_A1_NAND2X0P5H7L_Y,1.2,2.588e-07,0.000e+00,5.628e-10,2.594e-07
segT0[1]_reg_p_D_AOAI211X1P4H7L_Y_A1_MUX2X0P5H7L_Y_B_NAND2X0P5H7L_Y,1.2,2.572e-07,0.000e+00,5.329e-10,2.577e-07
SegT0.in_2__reg_p_D_NOR2X0P5H7L_Y_B_XNOR2X0P5H7L_Y_B_NAND2X0P5H7L_Y,1.2,2.565e-07,0.000e+00,5.628e-10,2.570e-07
segT0[6]_reg_p_D_AOA211X1P4H7L_Y_A1_MUX2X1P4H7L_Y_A_NAND2X0P5H7L_Y,1.2,2.530e-07,0.000e+00,5.628e-10,2.536e-07
segT0[5]_reg_p_D_OAOI211X0P5H7L_Y_A1_AOI21X0P5H7L_Y_A1_NOR2BX1H7L_Z,1.2,2.522e-07,0.000e+00,1.369e-09,2.535e-07
segA0_OAI211X1P4H7L_Y_A1_NAND2BX1P4H7L_Y,1.2,2.497e-07,0.000e+00,1.357e-09,2.510e-07
SegT0.in_1__reg_p_D_AOI21X0P5H7L_Y_A0_NAND2X0P5H7L_Y,1.2,2.481e-07,0.000e+00,5.628e-10,2.487e-07
w_ptr_2__reg_p_D_NOR2X0P5H7L_Y_B_XOR2X0P5H7L_Y_B_NOR2BX1H7L_B,1.2,2.469e-07,0.000e+00,1.364e-09,2.483e-07
w_ptr_1__reg_p_D_AOI21X0P5H7L_Y_A1_NOR2BX1H7L_B,1.2,2.466e-07,0.000e+00,1.364e-09,2.480e-07
w_ptr_1__reg_p_D_AOI21X0P5H7L_Y_A0_NOR2BX1H7L_B,1.2,2.465e-07,0.000e+00,1.364e-09,2.478e-07
segT0[5]_reg_p_D_OAOI211X0P5H7L_Y_B0_OA22X0P5H7L_Y_A0_NAND2X0P5H7L_Y,1.2,2.463e-07,0.000e+00,5.628e-10,2.469e-07
segT0[7]_reg_p_D_OAI2BB2X1P4H7L_Y_B0_NAND2X0P5H7L_Y,1.2,2.441e-07,0.000e+00,5.329e-10,2.447e-07
w_ptr_2__reg_p_D_NOR2X0P5H7L_Y_B_XOR2X0P5H7L_Y_B_NAND2X0P5H7L_Y,1.2,2.388e-07,0.000e+00,5.628e-10,2.393e-07
buffer_0__NOR4BX0P5H7L_D_Y_NAND2X0P5H7L_B_Y_NOR3X0P5H7L_C,1.2,2.322e-07,0.000e+00,4.734e-10,2.327e-07
segA1_AOAI211X0P5H7L_Y_2_A1_NAND3X0P5H7L_Y,1.2,2.306e-07,0.000e+00,4.054e-10,2.310e-07
fifo[3]_0__MUX4X1P4H7L_A_Y_NAND3X0P5H7L_C,1.2,2.286e-07,0.000e+00,4.054e-10,2.290e-07
segD0_AO22X0P7H7L_Y_A0_NAND3X0P5H7L_C,1.2,2.283e-07,0.000e+00,4.054e-10,2.287e-07
fifo[3]_2__MUX4X1P4H7L_A_Y_NAND3X0P5H7L_C,1.2,2.281e-07,0.000e+00,4.054e-10,2.286e-07
segA1_AOAI211X0P5H7L_Y_A1_AOAI211X0P5H7L_Y_B0_NOR3X0P5H7L_Y,1.2,2.269e-07,0.000e+00,4.734e-10,2.274e-07
segA0_AOI32X1P4H7L_Y_A2_NAND3X0P5H7L_Y,1.2,2.267e-07,0.000e+00,4.054e-10,2.271e-07
segA0_AOI31X1P4H7L_Y_A1_NAND3X0P5H7L_Y,1.2,2.265e-07,0.000e+00,4.054e-10,2.269e-07
segD0_AO22X0P7H7L_Y_A1_NOR2X0P5H7L_Y_A_INVX7H7L_A,1.2,2.220e-07,0.000e+00,4.030e-09,2.260e-07
w_ptr_1__reg_p_D_AOI21X0P5H7L_Y_A0_NOR2X0P5H7L_A_B_NOR3X0P5H7L_C,1.2,2.253e-07,0.000e+00,4.734e-10,2.258e-07
SegT0.in_2__reg_p_D_NOR2X0P5H7L_Y,1.2,2.250e-07,0.000e+00,5.996e-10,2.256e-07
w_ptr_2__reg_p_D_NOR2X0P5H7L_Y,1.2,2.250e-07,0.000e+00,5.996e-10,2.256e-07
segA1_AOAI211X0P5H7L_Y_2_C0_AOI21X0P5H7L_Y_A1_NOR3X0P5H7L_Y,1.2,2.243e-07,0.000e+00,4.734e-10,2.247e-07
segD0_AO22X0P7H7L_Y_B1_INVX7H7L_A,1.2,2.134e-07,0.000e+00,4.030e-09,2.174e-07
segD0_AO22X0P7H7L_Y_1_B1_NOR2X2H7L_Y,1.2,2.155e-07,0.000e+00,1.259e-09,2.167e-07
segD1_OAI31X0P5H7L_Y_A2_NAND2BX0P5H7L_Y,1.2,2.120e-07,0.000e+00,1.202e-09,2.132e-07
clrn_NOR3X0P5H7L_A_C_NAND2X0P5H7L_Y,1.2,2.114e-07,0.000e+00,4.288e-10,2.119e-07
SegT1.in_1__reg_p_D_NOR2X0P5H7L_Y,1.2,2.111e-07,0.000e+00,5.913e-10,2.117e-07
segD0_OAI21X0P5H7L_Y_2_B0_OAO211X0P5H7L_Y_B0_AOA211X1P4H7L_A0_A1_NAND2BX0P5H7L_Y,1.2,2.078e-07,0.000e+00,1.202e-09,2.090e-07
fifo[7]_6__MUX4X3H7L_A_Y_NAND2X1H7L_B_A_INVX0P5H7L_Y,1.2,2.006e-07,0.000e+00,7.223e-10,2.013e-07
clrn_BUFX1P4H7L_A,1.2,1.827e-07,0.000e+00,1.449e-09,1.841e-07
segT0[4]_reg_p_D_NOR2X3H7L_Y_B_MUX4X3H7L_Y_B_AOI21X0P5H7L_Y_B0_NOR3X0P5H7L_Y,1.2,1.789e-07,0.000e+00,3.897e-10,1.793e-07
SegT0.in_3__BUFX1P4H7L_A,1.2,1.750e-07,0.000e+00,1.449e-09,1.765e-07
SegT0.in_0__BUFX1P4H7L_A,1.2,1.750e-07,0.000e+00,1.449e-09,1.765e-07
SegT0.in_1__BUFX1P4H7L_A,1.2,1.749e-07,0.000e+00,1.449e-09,1.764e-07
SegT0.in_2__BUFX1P4H7L_A,1.2,1.745e-07,0.000e+00,1.449e-09,1.759e-07
segT0[1]_reg_p_D_AOAI211X1P4H7L_Y_B0_AOI211X0P5H7L_Y_B0_NOR2X0P5H7L_Y,1.2,1.680e-07,0.000e+00,5.551e-10,1.686e-07
segT0[7]_reg_p_D_OAI2BB2X1P4H7L_Y_A0N_AO221X1H7L_Y_A1_NOR2X0P5H7L_A,1.2,1.556e-07,0.000e+00,8.938e-10,1.565e-07
segD0_AO22X0P7H7L_Y_A0_NOR2X0P5H7L_Y_A_INVX5H7L_A,1.2,1.503e-07,0.000e+00,2.452e-09,1.527e-07
segD0_OAI21X0P5H7L_Y_1_B0_OAI21X0P5H7L_Y_A1_NOR2X1P4H7L_Y,1.2,1.456e-07,0.000e+00,7.962e-10,1.464e-07
segT0[7]_reg_p_D_OAI2BB2X1P4H7L_Y_A0N_AO221X1H7L_Y_B0_NOR2X0P5H7L_Y,1.2,1.414e-07,0.000e+00,5.759e-10,1.420e-07
segD1_OAI31X0P5H7L_Y_A1_INVX5H7L_A,1.2,1.395e-07,0.000e+00,2.452e-09,1.420e-07
segD1_OAI32X0P5H7L_Y_A0_INVX5H7L_A,1.2,1.360e-07,0.000e+00,2.452e-09,1.384e-07
segD0_OAI21X0P5H7L_Y_A1_NAND2X1H7L_Y,1.2,1.369e-07,0.000e+00,6.525e-10,1.376e-07
segA0_OAI211X1P4H7L_Y_A0_XNOR2X1H7L_Y_B_INVX5H7L_A,1.2,1.348e-07,0.000e+00,2.452e-09,1.372e-07
segA0_OAI21X1H7L_Y_A1_OAI21X1H7L_Y_A1_INVX5H7L_A,1.2,1.337e-07,0.000e+00,2.452e-09,1.361e-07
SegT1.in_0__reg_p_D_NOR2X0P5H7L_Y,1.2,1.355e-07,0.000e+00,5.645e-10,1.360e-07
segD0_OAI21X0P5H7L_Y_1_B0_OAI21X0P5H7L_Y_B0_INVX5H7L_A,1.2,1.335e-07,0.000e+00,2.452e-09,1.359e-07
segD1_OAI32X0P5H7L_Y_B1_INVX5H7L_A,1.2,1.327e-07,0.000e+00,2.452e-09,1.351e-07
segD0_OA31X1H7L_Y_B0_OAI211X0P7H7L_Y_B0_NAND2X1H7L_Y,1.2,1.333e-07,0.000e+00,6.525e-10,1.339e-07
segT0[4]_reg_p_D_NOR2X3H7L_Y_B_MUX4X3H7L_Y_A_AOI21X0P5H7L_Y_A1_NOR2X0P5H7L_Y,1.2,1.217e-07,0.000e+00,5.551e-10,1.222e-07
segD0_OA31X1H7L_Y_B0_OAI211X0P7H7L_Y_A1_NAND2X0P5H7L_Y,1.2,1.204e-07,0.000e+00,5.628e-10,1.209e-07
over_INVX0P5H7L_A_Y_NAND2X0P5H7L_A_B_NAND2X0P5H7L_B,1.2,1.202e-07,0.000e+00,5.628e-10,1.207e-07
segD1_AOAI211X0P5H7L_Y_A0_NAND2X0P5H7L_Y,1.2,1.200e-07,0.000e+00,5.628e-10,1.206e-07
segD0_OAI21X0P5H7L_Y_2_A0_NAND2X0P5H7L_Y,1.2,1.200e-07,0.000e+00,5.628e-10,1.206e-07
segD0_AO22X0P7H7L_Y_1_B1_AOAI211X1P4H7L_A0_B0_NAND2X0P5H7L_Y,1.2,1.176e-07,0.000e+00,5.628e-10,1.182e-07
segD0_OAI21X0P5H7L_Y_A0_NAND2X0P5H7L_Y,1.2,1.168e-07,0.000e+00,5.628e-10,1.173e-07
segA0_AOAI211X1P4H7L_Y_1_C0_NAND2X0P5H7L_Y,1.2,1.161e-07,0.000e+00,5.628e-10,1.167e-07
SegT0.in_0__reg_p_D_NOR2X0P5H7L_Y,1.2,1.160e-07,0.000e+00,5.551e-10,1.166e-07
segA0_AOAI211X1P4H7L_Y_1_A1_NAND2X0P5H7L_Y,1.2,1.158e-07,0.000e+00,5.628e-10,1.164e-07
segA0_AOAI211X1P4H7L_Y_A0_NAND2X0P5H7L_Y,1.2,1.158e-07,0.000e+00,5.628e-10,1.164e-07
segT0[7]_reg_p_D_OAI2BB2X1P4H7L_Y_A0N_AO221X1H7L_Y_A1_NOR2X0P5H7L_Y,1.2,1.152e-07,0.000e+00,5.551e-10,1.157e-07
segT0[3]_reg_p_D_AOI2BB1X0P5H7L_Y_B0_OAI31X1H7L_Y_A2_NOR2X0P5H7L_Y,1.2,1.110e-07,0.000e+00,5.551e-10,1.115e-07
segT0[1]_reg_p_D_AOAI211X1P4H7L_Y_A1_MUX2X0P5H7L_Y_A_MUXI2X0P5H7L_Y_B_NOR2X0P5H7L_Y,1.2,1.110e-07,0.000e+00,5.551e-10,1.115e-07
segT0[3]_reg_p_D_AOI2BB1X0P5H7L_Y_A1N_NOR2X0P5H7L_Y,1.2,1.097e-07,0.000e+00,5.551e-10,1.102e-07
segT0[7]_reg_p_D_OAI2BB2X1P4H7L_Y_A1N_NOR2X0P5H7L_Y,1.2,1.096e-07,0.000e+00,5.551e-10,1.102e-07
segD0_AO22X0P7H7L_Y_A0_NOR2X0P5H7L_Y,1.2,1.087e-07,0.000e+00,6.298e-10,1.093e-07
segD1_INVX0P5H7L_Y_A_OAI31X0P5H7L_Y_A1_NOR2X0P5H7L_Y,1.2,1.079e-07,0.000e+00,6.298e-10,1.086e-07
segD0_OA31X1H7L_Y_A1_NOR2X0P5H7L_Y,1.2,1.073e-07,0.000e+00,6.298e-10,1.079e-07
segA1_NOR2X0P5H7L_A,1.2,1.071e-07,0.000e+00,6.298e-10,1.077e-07
segD1_OAI31X0P5H7L_Y_B0_OAI21X0P5H7L_Y_A1_NOR2X0P5H7L_Y,1.2,1.069e-07,0.000e+00,6.298e-10,1.076e-07
segD1_OAI21X0P5H7L_Y_1_A1_AOI21X0P5H7L_Y_B0_NOR2X0P5H7L_Y,1.2,1.067e-07,0.000e+00,6.298e-10,1.073e-07
segD0_AO22X0P7H7L_Y_A1_NOR2X0P5H7L_Y,1.2,1.066e-07,0.000e+00,6.298e-10,1.073e-07
segD1_OAI21X0P5H7L_Y_A1_NOR2X0P5H7L_Y,1.2,1.061e-07,0.000e+00,6.298e-10,1.067e-07
segD0_OAI2BB1X0P5H7L_Y_B0_AOAI211X0P5H7L_Y_A1_NOR2X0P5H7L_Y,1.2,1.059e-07,0.000e+00,6.298e-10,1.065e-07
w_ptr_0__reg_p_D_NOR2X0P5H7L_Y,1.2,1.057e-07,0.000e+00,5.551e-10,1.063e-07
w_ptr_2__reg_p_D_NOR2X0P5H7L_Y_B_XOR2X0P5H7L_Y_B_NOR2X0P5H7L_A,1.2,1.053e-07,0.000e+00,6.298e-10,1.059e-07
w_ptr_1__reg_p_D_AOI21X0P5H7L_Y_A1_NOR2X0P5H7L_A,1.2,1.051e-07,0.000e+00,6.298e-10,1.057e-07
w_ptr_1__reg_p_D_AOI21X0P5H7L_Y_A0_NOR2X0P5H7L_A,1.2,1.050e-07,0.000e+00,6.298e-10,1.057e-07
segD1_OAI31X0P5H7L_Y_B0_OAI21X0P5H7L_Y_A0_NOR2X0P5H7L_Y,1.2,1.041e-07,0.000e+00,6.298e-10,1.048e-07
segA1_AOAI211X0P5H7L_Y_A0_AOAI211X0P5H7L_Y_A1_NOR2X0P5H7L_Y,1.2,1.038e-07,0.000e+00,6.298e-10,1.044e-07
segD0_OA31X1H7L_Y_A2_NOR2X0P5H7L_Y,1.2,1.035e-07,0.000e+00,6.298e-10,1.041e-07
segD1_AOAI211X0P5H7L_Y_C0_AOAI211X0P5H7L_Y_B0_NOR2X0P5H7L_Y,1.2,1.033e-07,0.000e+00,6.298e-10,1.039e-07
segD1_OAI32X0P5H7L_Y_A2_NOR2X0P5H7L_B,1.2,1.030e-07,0.000e+00,6.298e-10,1.037e-07
ps2Neg_INVX0P5H7L_Y_A_NOR2X0P5H7L_A,1.2,1.030e-07,0.000e+00,6.298e-10,1.036e-07
segD0_OA31X1H7L_Y_A1_OAI211X0P7H7L_A1_A0_NOR2X0P5H7L_Y,1.2,1.027e-07,0.000e+00,6.298e-10,1.033e-07
over_INVX0P5H7L_A,1.2,9.111e-08,0.000e+00,8.776e-10,9.199e-08
segT0[7]_reg_p_D_OAI2BB2X1P4H7L_Y_A0N_AO221X1H7L_Y_A1_NOR2X0P5H7L_A_Y_INVX0P5H7L_A,1.2,6.078e-08,0.000e+00,6.063e-10,6.139e-08
segT0[2]_reg_p_D_OAOI211X0P5H7L_Y_B0_NOR3X1P4H7L_Y_A_INVX0P7H7L_Y,1.2,4.781e-08,0.000e+00,6.723e-10,4.848e-08
clrn_INVX0P5H7L_A,1.2,4.541e-08,0.000e+00,6.395e-10,4.605e-08
segT0[6]_reg_p_D_AOA211X1P4H7L_Y_A0_INVX0P5H7L_Y,1.2,4.465e-08,0.000e+00,6.395e-10,4.528e-08
ascll_INVX0P5H7L_A,1.2,4.394e-08,0.000e+00,6.395e-10,4.458e-08
SegT0.in_2__reg_p_D_NOR2X0P5H7L_Y_B_XNOR2X0P5H7L_Y_A_INVX0P5H7L_Y,1.2,4.280e-08,0.000e+00,6.395e-10,4.343e-08
segA1_INVX0P5H7L_A,1.2,4.275e-08,0.000e+00,6.395e-10,4.339e-08
buffer_2__INVX0P5H7L_A,1.2,4.174e-08,0.000e+00,6.395e-10,4.238e-08
buffer_6__INVX0P5H7L_A,1.2,4.125e-08,0.000e+00,6.395e-10,4.189e-08
segD1_INVX0P5H7L_Y,1.2,4.079e-08,0.000e+00,6.395e-10,4.143e-08
buffer_0__NOR4BX0P5H7L_D_Y_NAND2X0P5H7L_B_Y_INVX0P5H7L_A,1.2,4.072e-08,0.000e+00,6.395e-10,4.136e-08
buffer_5__reg_p_D_AOAI211X0P5H7L_Y_B0_INVX0P5H7L_Y,1.2,4.006e-08,0.000e+00,6.395e-10,4.070e-08
segA0_OAI21X1H7L_Y_A0_INVX0P5H7L_Y,1.2,4.004e-08,0.000e+00,6.395e-10,4.068e-08
ps2Neg_INVX0P5H7L_Y,1.2,3.903e-08,0.000e+00,6.395e-10,3.967e-08
